backend,block_height,num_agents,agent_id,action,elapsed_ms,ok,error
forkyard,25795072,100,0,acquire,14.284916003816761,True,
forkyard,25795072,100,0,set_balance,259.2987079988234,True,
forkyard,25795072,100,0,fund_token,7.670958002563566,True,
forkyard,25795072,100,0,transfer,1265.6160829938017,True,
forkyard,25795072,100,0,approve,1607.845083999564,True,
forkyard,25795072,100,0,swap_eth_for_token,573.091583995847,True,
forkyard,25795072,100,0,swap_eth_for_token,423.4803750005085,True,
forkyard,25795072,100,0,discard,19.45745901321061,True,
forkyard,25795072,100,1,acquire,18.541375000495464,True,
forkyard,25795072,100,1,set_balance,197.91629099927377,True,
forkyard,25795072,100,1,get_balance,864.364499997464,True,
forkyard,25795072,100,1,swap_eth_for_token,1588.1120830017608,True,
forkyard,25795072,100,1,fund_token,502.97937499999534,True,
forkyard,25795072,100,1,fund_token,275.17745799559634,True,
forkyard,25795072,100,1,get_balance,822.0482500037178,True,
forkyard,25795072,100,1,discard,275.2320419967873,True,
forkyard,25795072,100,2,acquire,8.605875002103858,True,
forkyard,25795072,100,2,set_balance,405.79358401009813,True,
forkyard,25795072,100,2,transfer,1076.1429169942858,True,
forkyard,25795072,100,2,transfer,300.92970799887553,True,
forkyard,25795072,100,2,get_balance,1403.6277089908253,True,
forkyard,25795072,100,2,swap_eth_for_token,357.1443749970058,True,
forkyard,25795072,100,2,transfer,681.6404160053935,True,
forkyard,25795072,100,2,discard,431.877249997342,True,
forkyard,25795072,100,3,acquire,22.625208002864383,True,
forkyard,25795072,100,3,set_balance,376.9329579954501,True,
forkyard,25795072,100,3,get_balance,979.5718329987722,True,
forkyard,25795072,100,3,swap_eth_for_token,1294.7433329973137,True,
forkyard,25795072,100,3,transfer,817.3822090029716,True,
forkyard,25795072,100,3,fund_token,542.6040830061538,True,
forkyard,25795072,100,3,approve,432.18075000913814,True,
forkyard,25795072,100,3,discard,406.25691700552125,True,
forkyard,25795072,100,4,acquire,17.14108299347572,True,
forkyard,25795072,100,4,set_balance,382.60012499813456,True,
forkyard,25795072,100,4,get_balance,854.6526670106687,True,
forkyard,25795072,100,4,transfer,2023.3307920134393,True,
forkyard,25795072,100,4,fund_token,14.411334006581455,True,
forkyard,25795072,100,4,transfer,307.36954099847935,True,
forkyard,25795072,100,4,transfer,299.0285839914577,True,
forkyard,25795072,100,4,discard,0.5920830008108169,True,
forkyard,25795072,100,5,acquire,20.473042008234188,True,
forkyard,25795072,100,5,set_balance,364.374458004022,True,
forkyard,25795072,100,5,swap_eth_for_token,2265.860708008404,True,
forkyard,25795072,100,5,transfer,524.3399590108311,True,
forkyard,25795072,100,5,get_balance,853.4295419958653,True,
forkyard,25795072,100,5,get_balance,35.221832993556745,True,
forkyard,25795072,100,5,swap_eth_for_token,729.3572089984082,True,
forkyard,25795072,100,5,discard,5.747332994360477,True,
forkyard,25795072,100,6,acquire,24.435541999991983,True,
forkyard,25795072,100,6,set_balance,357.9164589900756,True,
forkyard,25795072,100,6,transfer,951.3179999921704,True,
forkyard,25795072,100,6,swap_eth_for_token,1395.7500419928692,True,
forkyard,25795072,100,6,transfer,632.9528749920428,True,
forkyard,25795072,100,6,fund_token,256.9667079951614,True,
forkyard,25795072,100,6,swap_eth_for_token,556.0089579958003,True,
forkyard,25795072,100,6,discard,143.53804099664558,True,
forkyard,25795072,100,7,acquire,21.553540995228104,True,
forkyard,25795072,100,7,set_balance,213.64437499141786,True,
forkyard,25795072,100,7,swap_eth_for_token,2417.74141699716,True,
forkyard,25795072,100,7,fund_token,90.18295799614862,True,
forkyard,25795072,100,7,transfer,325.19716599199455,True,
forkyard,25795072,100,7,swap_eth_for_token,830.7098329969449,True,
forkyard,25795072,100,7,approve,412.61166700860485,True,
forkyard,25795072,100,7,discard,277.9483749909559,True,
forkyard,25795072,100,8,acquire,22.86920801270753,True,
forkyard,25795072,100,8,set_balance,364.75483400863595,True,
forkyard,25795072,100,8,get_balance,847.2722500009695,True,
forkyard,25795072,100,8,fund_token,12.348167001619004,True,
forkyard,25795072,100,8,get_balance,40.95566699106712,True,
forkyard,25795072,100,8,transfer,2127.325416993699,True,
forkyard,25795072,100,8,get_balance,132.17920799797866,True,
forkyard,25795072,100,8,discard,13.496833998942748,True,
forkyard,25795072,100,9,acquire,23.592541008838452,True,
forkyard,25795072,100,9,set_balance,486.8967920046998,True,
forkyard,25795072,100,9,fund_token,1033.225000006496,True,
forkyard,25795072,100,9,swap_eth_for_token,1304.2591669945978,True,
forkyard,25795072,100,9,get_balance,448.6534589959774,True,
forkyard,25795072,100,9,swap_eth_for_token,470.6948340026429,True,
forkyard,25795072,100,9,approve,706.8728750018636,True,
forkyard,25795072,100,9,discard,281.29050000279676,True,
forkyard,25795072,100,10,acquire,17.56795799883548,True,
forkyard,25795072,100,10,set_balance,497.94562500028405,True,
forkyard,25795072,100,10,transfer,865.6028749974212,True,
forkyard,25795072,100,10,fund_token,1194.985167006962,True,
forkyard,25795072,100,10,get_balance,71.2714999972377,True,
forkyard,25795072,100,10,fund_token,12.720665996312164,True,
forkyard,25795072,100,10,get_balance,414.2767500015907,True,
forkyard,25795072,100,10,discard,290.6281250034226,True,
forkyard,25795072,100,11,acquire,18.318958987947553,True,
forkyard,25795072,100,11,set_balance,358.361957987654,True,
forkyard,25795072,100,11,fund_token,134.4043330027489,True,
forkyard,25795072,100,11,fund_token,720.9003339958144,True,
forkyard,25795072,100,11,get_balance,45.86612500133924,True,
forkyard,25795072,100,11,approve,1742.3531669919612,True,
forkyard,25795072,100,11,fund_token,402.7673749951646,True,
forkyard,25795072,100,11,discard,19.56070799496956,True,
forkyard,25795072,100,12,acquire,248.96695899951737,True,
forkyard,25795072,100,12,set_balance,1270.5694169999333,True,
forkyard,25795072,100,12,fund_token,8.82899999851361,True,
forkyard,25795072,100,12,approve,2060.547959001269,True,
forkyard,25795072,100,12,fund_token,254.40808400162496,True,
forkyard,25795072,100,12,swap_eth_for_token,294.1583339998033,True,
forkyard,25795072,100,12,swap_eth_for_token,476.3157499983208,True,
forkyard,25795072,100,12,discard,143.38479199795984,True,
forkyard,25795072,100,13,acquire,18.523208011174574,True,
forkyard,25795072,100,13,set_balance,505.9804170014104,True,
forkyard,25795072,100,13,swap_eth_for_token,2195.605417000479,True,
forkyard,25795072,100,13,get_balance,695.2444170019589,True,
forkyard,25795072,100,13,get_balance,700.2896670019254,True,
forkyard,25795072,100,13,get_balance,284.0943749906728,True,
forkyard,25795072,100,13,transfer,199.63658299820963,True,
forkyard,25795072,100,13,discard,136.4892090059584,True,
forkyard,25795072,100,14,acquire,188.18004199420102,True,
forkyard,25795072,100,14,set_balance,1139.176459008013,True,
forkyard,25795072,100,14,transfer,1438.720292004291,True,
forkyard,25795072,100,14,swap_eth_for_token,570.3888749994803,True,
forkyard,25795072,100,14,swap_eth_for_token,395.9221249970142,True,
forkyard,25795072,100,14,fund_token,404.3164169997908,True,
forkyard,25795072,100,14,fund_token,275.19645799475256,True,
forkyard,25795072,100,14,discard,284.28900000290014,True,
forkyard,25795072,100,15,acquire,20.635957989725284,True,
forkyard,25795072,100,15,set_balance,591.5581669978565,True,
forkyard,25795072,100,15,get_balance,721.3402090128511,True,
forkyard,25795072,100,15,transfer,1618.6285419971682,True,
forkyard,25795072,100,15,get_balance,983.7235839950154,True,
forkyard,25795072,100,15,transfer,684.136584008229,True,
forkyard,25795072,100,15,swap_eth_for_token,289.79125000478234,True,
forkyard,25795072,100,15,discard,1.2808750034309924,True,
forkyard,25795072,100,16,acquire,19.018166000023484,True,
forkyard,25795072,100,16,set_balance,603.5218339966377,True,
forkyard,25795072,100,16,swap_eth_for_token,1984.4583749945741,True,
forkyard,25795072,100,16,fund_token,372.27529200026765,True,
forkyard,25795072,100,16,fund_token,431.51645800389815,True,
forkyard,25795072,100,16,fund_token,269.5976660033921,True,
forkyard,25795072,100,16,fund_token,284.75220799737144,True,
forkyard,25795072,100,16,discard,414.5645840035286,True,
forkyard,25795072,100,17,acquire,17.45320799818728,True,
forkyard,25795072,100,17,set_balance,477.75458300020546,True,
forkyard,25795072,100,17,fund_token,701.6118339961395,True,
forkyard,25795072,100,17,swap_eth_for_token,1421.040790999541,True,
forkyard,25795072,100,17,get_balance,916.6815000062343,True,
forkyard,25795072,100,17,transfer,449.27112499135546,True,
forkyard,25795072,100,17,get_balance,414.4402079982683,True,
forkyard,25795072,100,17,discard,16.46245800657198,True,
forkyard,25795072,100,18,acquire,13.630250003188848,True,
forkyard,25795072,100,18,set_balance,614.4375419971766,True,
forkyard,25795072,100,18,get_balance,597.8507079998963,True,
forkyard,25795072,100,18,fund_token,26.77741700608749,True,
forkyard,25795072,100,18,get_balance,18.73662500292994,True,
forkyard,25795072,100,18,fund_token,1.8132919940399006,True,
forkyard,25795072,100,18,get_balance,1284.9732080067042,True,
forkyard,25795072,100,18,discard,693.4787909995066,True,
forkyard,25795072,100,19,acquire,207.75954199780244,True,
forkyard,25795072,100,19,set_balance,2515.279040992027,True,
forkyard,25795072,100,19,transfer,975.6201659911312,True,
forkyard,25795072,100,19,get_balance,533.1556669989368,True,
forkyard,25795072,100,19,swap_eth_for_token,427.60741600068286,True,
forkyard,25795072,100,19,get_balance,556.6795839986298,True,
forkyard,25795072,100,19,transfer,151.81637500063516,True,
forkyard,25795072,100,19,discard,1.3962090015411377,True,
forkyard,25795072,100,20,acquire,12.378625004203059,True,
forkyard,25795072,100,20,set_balance,604.6371660049772,True,
forkyard,25795072,100,20,get_balance,2507.1979579952313,True,
forkyard,25795072,100,20,transfer,569.9978749908041,True,
forkyard,25795072,100,20,get_balance,295.2235419943463,True,
forkyard,25795072,100,20,fund_token,19.609625000157394,True,
forkyard,25795072,100,20,transfer,682.0887500070967,True,
forkyard,25795072,100,20,discard,4.121958001633175,True,
forkyard,25795072,100,21,acquire,12.669665986322798,True,
forkyard,25795072,100,21,set_balance,606.3534169952618,True,
forkyard,25795072,100,21,get_balance,1935.4966670071008,True,
forkyard,25795072,100,21,fund_token,48.257957998430356,True,
forkyard,25795072,100,21,fund_token,14.738665995537303,True,
forkyard,25795072,100,21,fund_token,11.926040999242105,True,
forkyard,25795072,100,21,approve,417.3346669995226,True,
forkyard,25795072,100,21,discard,288.87045799638145,True,
forkyard,25795072,100,22,acquire,228.7088750017574,True,
forkyard,25795072,100,22,set_balance,1256.0365829995135,True,
forkyard,25795072,100,22,get_balance,14.31054099521134,True,
forkyard,25795072,100,22,transfer,1482.934749990818,True,
forkyard,25795072,100,22,get_balance,1107.8388750029262,True,
forkyard,25795072,100,22,swap_eth_for_token,488.43162499542814,True,
forkyard,25795072,100,22,get_balance,147.6747919950867,True,
forkyard,25795072,100,22,discard,7.745625000097789,True,
forkyard,25795072,100,23,acquire,11.408000005758367,True,
forkyard,25795072,100,23,set_balance,368.93024999881163,True,
forkyard,25795072,100,23,swap_eth_for_token,2250.786791992141,True,
forkyard,25795072,100,23,transfer,206.65270800236613,True,
forkyard,25795072,100,23,fund_token,570.7939999992959,True,
forkyard,25795072,100,23,approve,412.64220800076146,True,
forkyard,25795072,100,23,swap_token_for_token,425.023208008497,True,
forkyard,25795072,100,23,discard,142.1613749989774,True,
forkyard,25795072,100,24,acquire,223.19858300033957,True,
forkyard,25795072,100,24,set_balance,1267.027624999173,True,
forkyard,25795072,100,24,fund_token,6.942124993656762,True,
forkyard,25795072,100,24,get_balance,13.232291006715968,True,
forkyard,25795072,100,24,get_balance,149.4408750004368,True,
forkyard,25795072,100,24,transfer,1272.8187089960556,True,
forkyard,25795072,100,24,swap_eth_for_token,307.38274999021087,True,
forkyard,25795072,100,24,discard,21.55566700093914,True,
forkyard,25795072,100,25,acquire,8.57420900138095,True,
forkyard,25795072,100,25,set_balance,482.8587499941932,True,
forkyard,25795072,100,25,fund_token,719.7445829951903,True,
forkyard,25795072,100,25,get_balance,55.85454200627282,True,
forkyard,25795072,100,25,fund_token,8.860041998559609,True,
forkyard,25795072,100,25,swap_eth_for_token,2157.9407499957597,True,
forkyard,25795072,100,25,swap_eth_for_token,223.39441599615384,True,
forkyard,25795072,100,25,discard,258.3601250080392,True,
forkyard,25795072,100,26,acquire,164.6246659947792,True,
forkyard,25795072,100,26,set_balance,1134.9671249918174,True,
forkyard,25795072,100,26,get_balance,1804.9716670066118,True,
forkyard,25795072,100,26,fund_token,275.98000000580214,True,
forkyard,25795072,100,26,get_balance,821.9552499940619,True,
forkyard,25795072,100,26,transfer,413.3868750068359,True,
forkyard,25795072,100,26,fund_token,427.1253749902826,True,
forkyard,25795072,100,26,discard,11.713165993569419,True,
forkyard,25795072,100,27,acquire,203.90245800081175,True,
forkyard,25795072,100,27,set_balance,1125.472624989925,True,
forkyard,25795072,100,27,fund_token,6.909165997058153,True,
forkyard,25795072,100,27,swap_eth_for_token,1672.7858340018429,True,
forkyard,25795072,100,27,transfer,826.8407080031466,True,
forkyard,25795072,100,27,swap_eth_for_token,424.39649999141693,True,
forkyard,25795072,100,27,swap_eth_for_token,557.4303750036051,True,
forkyard,25795072,100,27,discard,142.08487499854527,True,
forkyard,25795072,100,28,acquire,206.9803329941351,True,
forkyard,25795072,100,28,set_balance,971.6529580036877,True,
forkyard,25795072,100,28,transfer,234.3914160010172,True,
forkyard,25795072,100,28,get_balance,1817.4459580041002,True,
forkyard,25795072,100,28,get_balance,32.771958998637274,True,
forkyard,25795072,100,28,fund_token,4.916707999655046,True,
forkyard,25795072,100,28,get_balance,290.36500000802334,True,
forkyard,25795072,100,28,discard,8.67566600209102,True,
forkyard,25795072,100,29,acquire,187.50262500543613,True,
forkyard,25795072,100,29,set_balance,2512.2092079982394,True,
forkyard,25795072,100,29,transfer,847.6972920034314,True,
forkyard,25795072,100,29,swap_eth_for_token,420.1194169872906,True,
forkyard,25795072,100,29,swap_eth_for_token,256.68766601302195,True,
forkyard,25795072,100,29,fund_token,275.28283299761824,True,
forkyard,25795072,100,29,transfer,567.3027909942903,True,
forkyard,25795072,100,29,discard,129.9189999990631,True,
forkyard,25795072,100,30,acquire,203.26629099145066,True,
forkyard,25795072,100,30,set_balance,1195.291708005243,True,
forkyard,25795072,100,30,swap_eth_for_token,1395.7379999919794,True,
forkyard,25795072,100,30,get_balance,836.0163330071373,True,
forkyard,25795072,100,30,transfer,541.7977500037523,True,
forkyard,25795072,100,30,fund_token,141.92799999727868,True,
forkyard,25795072,100,30,transfer,460.6131250038743,True,
forkyard,25795072,100,30,discard,285.4980410047574,True,
forkyard,25795072,100,31,acquire,202.20937501289882,True,
forkyard,25795072,100,31,set_balance,2770.4110409977147,True,
forkyard,25795072,100,31,transfer,442.8406250081025,True,
forkyard,25795072,100,31,transfer,560.0562089966843,True,
forkyard,25795072,100,31,get_balance,33.60283299116418,True,
forkyard,25795072,100,31,get_balance,24.521333994925953,True,
forkyard,25795072,100,31,get_balance,689.1342500020983,True,
forkyard,25795072,100,31,discard,6.480041003669612,True,
forkyard,25795072,100,32,acquire,208.8952500052983,True,
forkyard,25795072,100,32,set_balance,939.5240409940016,True,
forkyard,25795072,100,32,transfer,2040.0484159908956,True,
forkyard,25795072,100,32,get_balance,274.52779200393707,True,
forkyard,25795072,100,32,get_balance,453.8185419951333,True,
forkyard,25795072,100,32,transfer,440.9180840011686,True,
forkyard,25795072,100,32,transfer,160.28900000674184,True,
forkyard,25795072,100,32,discard,1.4077079977141693,True,
forkyard,25795072,100,33,acquire,201.78116699389648,True,
forkyard,25795072,100,33,set_balance,977.566667002975,True,
forkyard,25795072,100,33,get_balance,58.25491600262467,True,
forkyard,25795072,100,33,swap_eth_for_token,1342.8907499910565,True,
forkyard,25795072,100,33,get_balance,824.7118750005029,True,
forkyard,25795072,100,33,fund_token,9.750416007591411,True,
forkyard,25795072,100,33,swap_eth_for_token,56.16891699901316,True,
forkyard,25795072,100,33,discard,142.86716599599458,True,
forkyard,25795072,100,34,acquire,16.51458299602382,True,
forkyard,25795072,100,34,set_balance,604.59337499924,True,
forkyard,25795072,100,34,swap_eth_for_token,1967.7258750016335,True,
forkyard,25795072,100,34,get_balance,40.40337499463931,True,
forkyard,25795072,100,34,fund_token,148.22245899995323,True,
forkyard,25795072,100,34,transfer,407.49670800869353,True,
forkyard,25795072,100,34,swap_eth_for_token,154.92137499677483,True,
forkyard,25795072,100,34,discard,7.5663749885279685,True,
forkyard,25795072,100,35,acquire,191.87079201219603,True,
forkyard,25795072,100,35,set_balance,2770.422666988452,True,
forkyard,25795072,100,35,swap_eth_for_token,596.6865829977905,True,
forkyard,25795072,100,35,swap_eth_for_token,420.3687080007512,True,
forkyard,25795072,100,35,swap_eth_for_token,608.8628750003409,True,
forkyard,25795072,100,35,swap_eth_for_token,146.1150830000406,True,
forkyard,25795072,100,35,swap_eth_for_token,17.814791994169354,True,
forkyard,25795072,100,35,discard,0.6253330066101626,True,
forkyard,25795072,100,36,acquire,216.55291700153612,True,
forkyard,25795072,100,36,set_balance,2335.399832998519,True,
forkyard,25795072,100,36,swap_eth_for_token,430.5190839950228,True,
forkyard,25795072,100,36,transfer,557.7621669945074,True,
forkyard,25795072,100,36,transfer,544.8208750021877,True,
forkyard,25795072,100,36,get_balance,276.72679199895356,True,
forkyard,25795072,100,36,swap_eth_for_token,63.45245799457189,True,
forkyard,25795072,100,36,discard,146.23183300136589,True,
forkyard,25795072,100,37,acquire,146.52604200819042,True,
forkyard,25795072,100,37,set_balance,1136.29566700547,True,
forkyard,25795072,100,37,transfer,1409.2025410063798,True,
forkyard,25795072,100,37,swap_eth_for_token,554.7518749954179,True,
forkyard,25795072,100,37,transfer,529.0972920047352,True,
forkyard,25795072,100,37,swap_eth_for_token,537.6939999987371,True,
forkyard,25795072,100,37,fund_token,425.6518329930259,True,
forkyard,25795072,100,37,discard,286.7685840028571,True,
forkyard,25795072,100,38,acquire,185.22504100110382,True,
forkyard,25795072,100,38,set_balance,1110.4303329921095,True,
forkyard,25795072,100,38,fund_token,10.04341698717326,True,
forkyard,25795072,100,38,transfer,1371.5802079968853,True,
forkyard,25795072,100,38,swap_eth_for_token,719.1817920102039,True,
forkyard,25795072,100,38,swap_eth_for_token,571.6986250045011,True,
forkyard,25795072,100,38,approve,528.7694169965107,True,
forkyard,25795072,100,38,discard,285.3166249988135,True,
forkyard,25795072,100,39,acquire,338.7648329953663,True,
forkyard,25795072,100,39,set_balance,1139.0359579963842,True,
forkyard,25795072,100,39,get_balance,16.315040993504226,True,
forkyard,25795072,100,39,fund_token,4.073125004651956,True,
forkyard,25795072,100,39,get_balance,1280.6934580003144,True,
forkyard,25795072,100,39,fund_token,419.8108749988023,True,
forkyard,25795072,100,39,swap_eth_for_token,357.8993330011144,True,
forkyard,25795072,100,39,discard,560.5644159950316,True,
forkyard,25795072,100,40,acquire,204.09820800705347,True,
forkyard,25795072,100,40,set_balance,1106.379000004381,True,
forkyard,25795072,100,40,fund_token,1200.9977499983506,True,
forkyard,25795072,100,40,get_balance,70.42866700794548,True,
forkyard,25795072,100,40,get_balance,168.35074999835342,True,
forkyard,25795072,100,40,swap_eth_for_token,271.2467089877464,True,
forkyard,25795072,100,40,fund_token,288.19116699742153,True,
forkyard,25795072,100,40,discard,11.121416988316923,True,
forkyard,25795072,100,41,acquire,195.19970899273176,True,
forkyard,25795072,100,41,set_balance,1288.8337079930352,True,
forkyard,25795072,100,41,fund_token,6.922333996044472,True,
forkyard,25795072,100,41,get_balance,20.033582986798137,True,
forkyard,25795072,100,41,fund_token,5.330125000909902,True,
forkyard,25795072,100,41,approve,1302.144874993246,True,
forkyard,25795072,100,41,swap_token_for_token,862.5447920057923,True,
forkyard,25795072,100,41,discard,406.77708298608195,True,
forkyard,25795072,100,42,acquire,338.10616699338425,True,
forkyard,25795072,100,42,set_balance,1144.1946249979082,True,
forkyard,25795072,100,42,transfer,164.20733300037682,True,
forkyard,25795072,100,42,swap_eth_for_token,1408.4586660028435,True,
forkyard,25795072,100,42,get_balance,162.0286249963101,True,
forkyard,25795072,100,42,transfer,739.2603750049602,True,
forkyard,25795072,100,42,fund_token,564.7005840000929,True,
forkyard,25795072,100,42,discard,145.4680000024382,True,
forkyard,25795072,100,43,acquire,184.27737499587238,True,
forkyard,25795072,100,43,set_balance,1206.0749999945983,True,
forkyard,25795072,100,43,transfer,1541.7565000097966,True,
forkyard,25795072,100,43,get_balance,681.481542007532,True,
forkyard,25795072,100,43,swap_eth_for_token,430.4566669889027,True,
forkyard,25795072,100,43,fund_token,272.47924999392126,True,
forkyard,25795072,100,43,approve,194.1046669962816,True,
forkyard,25795072,100,43,discard,411.9946660066489,True,
forkyard,25795072,100,44,acquire,331.10291699995287,True,
forkyard,25795072,100,44,set_balance,768.3607079961803,True,
forkyard,25795072,100,44,fund_token,11.987833000603132,True,
forkyard,25795072,100,44,get_balance,35.9969590062974,True,
forkyard,25795072,100,44,get_balance,21.34216600097716,True,
forkyard,25795072,100,44,transfer,1747.2297080093995,True,
forkyard,25795072,100,44,transfer,413.3917500003008,True,
forkyard,25795072,100,44,discard,19.965291998232715,True,
forkyard,25795072,100,45,acquire,184.58658301096875,True,
forkyard,25795072,100,45,set_balance,967.8432920045452,True,
forkyard,25795072,100,45,swap_eth_for_token,1905.1654170034453,True,
forkyard,25795072,100,45,fund_token,146.68962500581983,True,
forkyard,25795072,100,45,transfer,196.74670801032335,True,
forkyard,25795072,100,45,swap_eth_for_token,152.39825000753626,True,
forkyard,25795072,100,45,transfer,188.10504200519063,True,
forkyard,25795072,100,45,discard,133.64066599751823,True,
forkyard,25795072,100,46,acquire,162.26525000820402,True,
forkyard,25795072,100,46,set_balance,2504.360999999335,True,
forkyard,25795072,100,46,transfer,170.65483301121276,True,
forkyard,25795072,100,46,transfer,979.1697500040755,True,
forkyard,25795072,100,46,get_balance,406.3370420044521,True,
forkyard,25795072,100,46,transfer,561.5570419904543,True,
forkyard,25795072,100,46,swap_eth_for_token,418.0791670078179,True,
forkyard,25795072,100,46,discard,4.564415998174809,True,
forkyard,25795072,100,47,acquire,328.4481660084566,True,
forkyard,25795072,100,47,set_balance,829.6542500029318,True,
forkyard,25795072,100,47,swap_eth_for_token,1911.362166996696,True,
forkyard,25795072,100,47,fund_token,277.14004200242925,True,
forkyard,25795072,100,47,approve,517.1082080050837,True,
forkyard,25795072,100,47,approve,145.4042919940548,True,
forkyard,25795072,100,47,approve,40.29212500608992,True,
forkyard,25795072,100,47,discard,8.62937500642147,True,
forkyard,25795072,100,48,acquire,349.16149999480695,True,
forkyard,25795072,100,48,set_balance,2260.577833003481,True,
forkyard,25795072,100,48,swap_eth_for_token,589.5943330106093,True,
forkyard,25795072,100,48,swap_eth_for_token,418.34795799513813,True,
forkyard,25795072,100,48,fund_token,405.5600419960683,True,
forkyard,25795072,100,48,get_balance,289.23387500981335,True,
forkyard,25795072,100,48,fund_token,10.721958009526134,True,
forkyard,25795072,100,48,discard,12.373249992378987,True,
forkyard,25795072,100,49,acquire,184.3468749866588,True,
forkyard,25795072,100,49,set_balance,1270.7070829928853,True,
forkyard,25795072,100,49,transfer,1915.5779169959715,True,
forkyard,25795072,100,49,fund_token,409.9911249941215,True,
forkyard,25795072,100,49,swap_eth_for_token,303.58229200646747,True,
forkyard,25795072,100,49,transfer,614.6291670011124,True,
forkyard,25795072,100,49,get_balance,7.8727500076638535,True,
forkyard,25795072,100,49,discard,6.362208994687535,True,
forkyard,25795072,100,50,acquire,121.92108399176504,True,
forkyard,25795072,100,50,set_balance,1142.1408340102062,True,
forkyard,25795072,100,50,fund_token,1269.9078750010813,True,
forkyard,25795072,100,50,swap_eth_for_token,543.181832996197,True,
forkyard,25795072,100,50,fund_token,271.3384169910569,True,
forkyard,25795072,100,50,transfer,689.4616249919636,True,
forkyard,25795072,100,50,get_balance,682.4933339958079,True,
forkyard,25795072,100,50,discard,287.2622919967398,True,
forkyard,25795072,100,51,acquire,309.2264169972623,True,
forkyard,25795072,100,51,set_balance,885.5167080037063,True,
forkyard,25795072,100,51,get_balance,19.78879200760275,True,
forkyard,25795072,100,51,get_balance,459.92175000719726,True,
forkyard,25795072,100,51,swap_eth_for_token,1329.0879999985918,True,
forkyard,25795072,100,51,fund_token,702.6240830018651,True,
forkyard,25795072,100,51,approve,429.4402090017684,True,
forkyard,25795072,100,51,discard,552.5405840016901,True,
forkyard,25795072,100,52,acquire,312.78641600511037,True,
forkyard,25795072,100,52,set_balance,828.5020000039367,True,
forkyard,25795072,100,52,swap_eth_for_token,1763.6032500013243,True,
forkyard,25795072,100,52,fund_token,287.96745800354984,True,
forkyard,25795072,100,52,fund_token,24.198583996621892,True,
forkyard,25795072,100,52,get_balance,28.43087499786634,True,
forkyard,25795072,100,52,fund_token,141.71195900416933,True,
forkyard,25795072,100,52,discard,144.422500001383,True,
forkyard,25795072,100,53,acquire,308.0864160001511,True,
forkyard,25795072,100,53,set_balance,2703.5812079993775,True,
forkyard,25795072,100,53,get_balance,856.1155000061262,True,
forkyard,25795072,100,53,fund_token,13.143916992703453,True,
forkyard,25795072,100,53,fund_token,20.93408400833141,True,
forkyard,25795072,100,53,transfer,563.8197079970269,True,
forkyard,25795072,100,53,swap_eth_for_token,144.55716600059532,True,
forkyard,25795072,100,53,discard,8.20333301089704,True,
forkyard,25795072,100,54,acquire,151.05541600496508,True,
forkyard,25795072,100,54,set_balance,2435.3352089965483,True,
forkyard,25795072,100,54,get_balance,34.33870901062619,True,
forkyard,25795072,100,54,swap_eth_for_token,731.3067500072066,True,
forkyard,25795072,100,54,fund_token,403.6784999916563,True,
forkyard,25795072,100,54,get_balance,413.55874999135267,True,
forkyard,25795072,100,54,swap_eth_for_token,570.408875006251,True,
forkyard,25795072,100,54,discard,277.1599999978207,True,
forkyard,25795072,100,55,acquire,321.6272090066923,True,
forkyard,25795072,100,55,set_balance,776.7199999943841,True,
forkyard,25795072,100,55,transfer,260.77100000111386,True,
forkyard,25795072,100,55,get_balance,2044.3994590023067,True,
forkyard,25795072,100,55,transfer,324.1427500033751,True,
forkyard,25795072,100,55,swap_eth_for_token,298.1767919991398,True,
forkyard,25795072,100,55,swap_eth_for_token,285.3145840053912,True,
forkyard,25795072,100,55,discard,14.63016599882394,True,
forkyard,25795072,100,56,acquire,301.69633400510065,True,
forkyard,25795072,100,56,set_balance,2216.9216250040336,True,
forkyard,25795072,100,56,transfer,544.1877910052426,True,
forkyard,25795072,100,56,swap_eth_for_token,556.3038330001291,True,
forkyard,25795072,100,56,get_balance,692.3106249887496,True,
forkyard,25795072,100,56,swap_eth_for_token,328.7159580067964,True,
forkyard,25795072,100,56,swap_eth_for_token,429.7309160028817,True,
forkyard,25795072,100,56,discard,3.695042003528215,True,
forkyard,25795072,100,57,acquire,321.96545900660567,True,
forkyard,25795072,100,57,set_balance,1089.914124997449,True,
forkyard,25795072,100,57,transfer,452.0433750003576,True,
forkyard,25795072,100,57,transfer,1269.7800000023562,True,
forkyard,25795072,100,57,swap_eth_for_token,191.26079199486412,True,
forkyard,25795072,100,57,swap_eth_for_token,711.3118329871213,True,
forkyard,25795072,100,57,fund_token,420.67145799228456,True,
forkyard,25795072,100,57,discard,146.55879100610036,True,
forkyard,25795072,100,58,acquire,458.6760410020361,True,
forkyard,25795072,100,58,set_balance,2066.262584005017,True,
forkyard,25795072,100,58,get_balance,65.60566599364392,True,
forkyard,25795072,100,58,get_balance,422.4937920080265,True,
forkyard,25795072,100,58,get_balance,301.159833004931,True,
forkyard,25795072,100,58,fund_token,6.102207989897579,True,
forkyard,25795072,100,58,swap_eth_for_token,216.1552500037942,True,
forkyard,25795072,100,58,discard,25.219249990186654,True,
forkyard,25795072,100,59,acquire,314.7131250007078,True,
forkyard,25795072,100,59,set_balance,773.4020000061719,True,
forkyard,25795072,100,59,get_balance,46.970000010333024,True,
forkyard,25795072,100,59,fund_token,19.284459005575627,True,
forkyard,25795072,100,59,get_balance,17.69725000485778,True,
forkyard,25795072,100,59,transfer,1853.2992499967804,True,
forkyard,25795072,100,59,fund_token,115.65104199689813,True,
forkyard,25795072,100,59,discard,23.285832998226397,True,
forkyard,25795072,100,60,acquire,335.84391699696425,True,
forkyard,25795072,100,60,set_balance,2310.6732499873033,True,
forkyard,25795072,100,60,swap_eth_for_token,728.5883339936845,True,
forkyard,25795072,100,60,get_balance,685.7907910016365,True,
forkyard,25795072,100,60,get_balance,282.4997080024332,True,
forkyard,25795072,100,60,fund_token,11.757957996451296,True,
forkyard,25795072,100,60,transfer,322.4802920012735,True,
forkyard,25795072,100,60,discard,0.8327079995069653,True,
forkyard,25795072,100,61,acquire,303.06283400568645,True,
forkyard,25795072,100,61,set_balance,934.4810829934431,True,
forkyard,25795072,100,61,fund_token,6.548417004523799,True,
forkyard,25795072,100,61,approve,328.82754200545605,True,
forkyard,25795072,100,61,swap_eth_for_token,1333.2217499992112,True,
forkyard,25795072,100,61,swap_token_for_token,713.6260840052273,True,
forkyard,25795072,100,61,swap_eth_for_token,442.00241699581966,True,
forkyard,25795072,100,61,discard,524.5286669960478,True,
forkyard,25795072,100,62,acquire,309.7552500112215,True,
forkyard,25795072,100,62,set_balance,774.2206670081941,True,
forkyard,25795072,100,62,get_balance,54.9285840097582,True,
forkyard,25795072,100,62,get_balance,20.39425000839401,True,
forkyard,25795072,100,62,swap_eth_for_token,1552.1792919898871,True,
forkyard,25795072,100,62,get_balance,435.69904199102893,True,
forkyard,25795072,100,62,get_balance,33.66370800358709,True,
forkyard,25795072,100,62,discard,4.872375007835217,True,
forkyard,25795072,100,63,acquire,178.18350000015926,True,
forkyard,25795072,100,63,set_balance,1274.563916012994,True,
forkyard,25795072,100,63,fund_token,7.42854100826662,True,
forkyard,25795072,100,63,swap_eth_for_token,1493.465000006836,True,
forkyard,25795072,100,63,fund_token,684.9412090086844,True,
forkyard,25795072,100,63,fund_token,418.8852500083158,True,
forkyard,25795072,100,63,transfer,350.5697499931557,True,
forkyard,25795072,100,63,discard,280.8252499962691,True,
forkyard,25795072,100,64,acquire,120.77424999733921,True,
forkyard,25795072,100,64,set_balance,2405.0809999898775,True,
forkyard,25795072,100,64,fund_token,530.9259579953505,True,
forkyard,25795072,100,64,approve,436.5594999981113,True,
forkyard,25795072,100,64,get_balance,932.1552500041435,True,
forkyard,25795072,100,64,swap_token_for_token,424.6247080009198,True,
forkyard,25795072,100,64,fund_token,149.39170799334534,True,
forkyard,25795072,100,64,discard,9.170167002594098,True,
forkyard,25795072,100,65,acquire,145.98241700150538,True,
forkyard,25795072,100,65,set_balance,2504.956290998962,True,
forkyard,25795072,100,65,fund_token,14.599292000639252,True,
forkyard,25795072,100,65,swap_eth_for_token,749.9892500054557,True,
forkyard,25795072,100,65,fund_token,408.43633298936766,True,
forkyard,25795072,100,65,approve,289.6957079938147,True,
forkyard,25795072,100,65,swap_token_for_token,411.4114999974845,True,
forkyard,25795072,100,65,discard,420.2781249914551,True,
forkyard,25795072,100,66,acquire,297.2486250073416,True,
forkyard,25795072,100,66,set_balance,2216.0809579945635,True,
forkyard,25795072,100,66,transfer,687.0674579986371,True,
forkyard,25795072,100,66,fund_token,390.619792000507,True,
forkyard,25795072,100,66,fund_token,279.21525000419933,True,
forkyard,25795072,100,66,swap_eth_for_token,431.18812500324566,True,
forkyard,25795072,100,66,fund_token,14.95062500180211,True,
forkyard,25795072,100,66,discard,6.710499990731478,True,
forkyard,25795072,100,67,acquire,305.2271250053309,True,
forkyard,25795072,100,67,set_balance,2612.507583005936,True,
forkyard,25795072,100,67,transfer,295.0310000014724,True,
forkyard,25795072,100,67,fund_token,561.7242919979617,True,
forkyard,25795072,100,67,fund_token,142.5487500091549,True,
forkyard,25795072,100,67,approve,342.1719579928322,True,
forkyard,25795072,100,67,approve,424.3430419883225,True,
forkyard,25795072,100,67,discard,6.126584004960023,True,
forkyard,25795072,100,68,acquire,311.97033400530927,True,
forkyard,25795072,100,68,set_balance,754.8420419916511,True,
forkyard,25795072,100,68,fund_token,8.959417013102211,True,
forkyard,25795072,100,68,approve,1762.693249998847,True,
forkyard,25795072,100,68,fund_token,430.351957998937,True,
forkyard,25795072,100,68,swap_token_for_token,332.68958299595397,True,
forkyard,25795072,100,68,get_balance,413.37854199809954,True,
forkyard,25795072,100,68,discard,292.5740409991704,True,
forkyard,25795072,100,69,acquire,452.57954199041706,True,
forkyard,25795072,100,69,set_balance,2054.2412499926286,True,
forkyard,25795072,100,69,transfer,226.86916698876303,True,
forkyard,25795072,100,69,get_balance,548.9670000097249,True,
forkyard,25795072,100,69,swap_eth_for_token,244.703207994462,True,
forkyard,25795072,100,69,fund_token,11.426124998251908,True,
forkyard,25795072,100,69,fund_token,4.980375000741333,True,
forkyard,25795072,100,69,discard,5.113249993883073,True,
forkyard,25795072,100,70,acquire,306.24520900892094,True,
forkyard,25795072,100,70,set_balance,836.1670830054209,True,
forkyard,25795072,100,70,transfer,1443.6711250018561,True,
forkyard,25795072,100,70,fund_token,682.0125410013134,True,
forkyard,25795072,100,70,get_balance,48.46154199913144,True,
forkyard,25795072,100,70,transfer,205.38604199828114,True,
forkyard,25795072,100,70,approve,402.2637079906417,True,
forkyard,25795072,100,70,discard,7.32145800429862,True,
forkyard,25795072,100,71,acquire,312.5092090049293,True,
forkyard,25795072,100,71,set_balance,1125.0317079975503,True,
forkyard,25795072,100,71,swap_eth_for_token,1074.283291993197,True,
forkyard,25795072,100,71,swap_eth_for_token,657.6194160006708,True,
forkyard,25795072,100,71,get_balance,39.16791699884925,True,
forkyard,25795072,100,71,transfer,822.3493330006022,True,
forkyard,25795072,100,71,transfer,550.1543330028653,True,
forkyard,25795072,100,71,discard,1.3403340126387775,True,
forkyard,25795072,100,72,acquire,335.84966699709184,True,
forkyard,25795072,100,72,set_balance,2271.4232919970527,True,
forkyard,25795072,100,72,transfer,434.87720799748786,True,
forkyard,25795072,100,72,swap_eth_for_token,565.1951670006383,True,
forkyard,25795072,100,72,swap_eth_for_token,410.19604199391324,True,
forkyard,25795072,100,72,swap_eth_for_token,293.91195900097955,True,
forkyard,25795072,100,72,fund_token,13.891958005842753,True,
forkyard,25795072,100,72,discard,10.105749999638647,True,
forkyard,25795072,100,73,acquire,112.68058299901895,True,
forkyard,25795072,100,73,set_balance,1128.3077080006478,True,
forkyard,25795072,100,73,swap_eth_for_token,1680.5003339977702,True,
forkyard,25795072,100,73,fund_token,402.4220840074122,True,
forkyard,25795072,100,73,fund_token,415.1716249907622,True,
forkyard,25795072,100,73,approve,540.7456669927342,True,
forkyard,25795072,100,73,fund_token,425.33533299865667,True,
forkyard,25795072,100,73,discard,286.6208339983132,True,
forkyard,25795072,100,74,acquire,167.82766599499155,True,
forkyard,25795072,100,74,set_balance,1260.7923329924233,True,
forkyard,25795072,100,74,transfer,1777.5102080049692,True,
forkyard,25795072,100,74,transfer,504.5826670102542,True,
forkyard,25795072,100,74,get_balance,291.7291249905247,True,
forkyard,25795072,100,74,swap_eth_for_token,186.06849999923725,True,
forkyard,25795072,100,74,fund_token,427.37595799553674,True,
forkyard,25795072,100,74,discard,6.384583000908606,True,
forkyard,25795072,100,75,acquire,296.7497909994563,True,
forkyard,25795072,100,75,set_balance,926.5062500053318,True,
forkyard,25795072,100,75,fund_token,5.711791003705002,True,
forkyard,25795072,100,75,fund_token,9.051707995240577,True,
forkyard,25795072,100,75,approve,471.7415000050096,True,
forkyard,25795072,100,75,transfer,1466.6387920005945,True,
forkyard,25795072,100,75,transfer,656.5857090026839,True,
forkyard,25795072,100,75,discard,270.4426670097746,True,
forkyard,25795072,100,76,acquire,301.4426250010729,True,
forkyard,25795072,100,76,set_balance,802.3748749983497,True,
forkyard,25795072,100,76,swap_eth_for_token,1398.678874989855,True,
forkyard,25795072,100,76,fund_token,654.0774589957437,True,
forkyard,25795072,100,76,swap_eth_for_token,61.44829199183732,True,
forkyard,25795072,100,76,fund_token,133.73145900550298,True,
forkyard,25795072,100,76,swap_eth_for_token,155.52204099367373,True,
forkyard,25795072,100,76,discard,10.083125001983717,True,
forkyard,25795072,100,77,acquire,140.23787500627805,True,
forkyard,25795072,100,77,set_balance,2496.116209003958,True,
forkyard,25795072,100,77,swap_eth_for_token,633.0884170019999,True,
forkyard,25795072,100,77,get_balance,678.1423750071554,True,
forkyard,25795072,100,77,get_balance,551.0069169977214,True,
forkyard,25795072,100,77,swap_eth_for_token,571.0474169900408,True,
forkyard,25795072,100,77,get_balance,134.6034579910338,True,
forkyard,25795072,100,77,discard,5.316958006005734,True,
forkyard,25795072,100,78,acquire,298.87629199947696,True,
forkyard,25795072,100,78,set_balance,2681.440291009494,True,
forkyard,25795072,100,78,get_balance,858.7147910002386,True,
forkyard,25795072,100,78,swap_eth_for_token,479.50650000711903,True,
forkyard,25795072,100,78,fund_token,276.0947089991532,True,
forkyard,25795072,100,78,get_balance,14.631250000093132,True,
forkyard,25795072,100,78,get_balance,4.003334004664794,True,
forkyard,25795072,100,78,discard,6.427207990782335,True,
forkyard,25795072,100,79,acquire,304.99150000105146,True,
forkyard,25795072,100,79,set_balance,844.7137920011301,True,
forkyard,25795072,100,79,get_balance,53.62704099388793,True,
forkyard,25795072,100,79,swap_eth_for_token,1575.0797080108896,True,
forkyard,25795072,100,79,get_balance,580.3902920015389,True,
forkyard,25795072,100,79,fund_token,24.236958008259535,True,
forkyard,25795072,100,79,transfer,314.0465409960598,True,
forkyard,25795072,100,79,discard,273.75720800773706,True,
forkyard,25795072,100,80,acquire,305.8396660053404,True,
forkyard,25795072,100,80,set_balance,749.6923329890706,True,
forkyard,25795072,100,80,swap_eth_for_token,1631.2060420023045,True,
forkyard,25795072,100,80,fund_token,569.629999998142,True,
forkyard,25795072,100,80,swap_eth_for_token,178.10070898849517,True,
forkyard,25795072,100,80,swap_eth_for_token,446.8653749936493,True,
forkyard,25795072,100,80,approve,271.1641670030076,True,
forkyard,25795072,100,80,discard,140.15616700635292,True,
forkyard,25795072,100,81,acquire,290.4900409921538,True,
forkyard,25795072,100,81,set_balance,2202.7734169969335,True,
forkyard,25795072,100,81,fund_token,420.09383300319314,True,
forkyard,25795072,100,81,approve,567.9412919998867,True,
forkyard,25795072,100,81,transfer,412.1646659914404,True,
forkyard,25795072,100,81,get_balance,428.5082090063952,True,
forkyard,25795072,100,81,swap_token_for_token,595.1968330045929,True,
forkyard,25795072,100,81,discard,141.29862499248702,True,
forkyard,25795072,100,82,acquire,447.12700000673067,True,
forkyard,25795072,100,82,set_balance,2054.9190000019735,True,
forkyard,25795072,100,82,get_balance,71.06258301064372,True,
forkyard,25795072,100,82,swap_eth_for_token,296.6320419945987,True,
forkyard,25795072,100,82,get_balance,436.68841700127814,True,
forkyard,25795072,100,82,get_balance,13.99374999164138,True,
forkyard,25795072,100,82,fund_token,21.565542003372684,True,
forkyard,25795072,100,82,discard,160.94262500701007,True,
forkyard,25795072,100,83,acquire,307.6080000028014,True,
forkyard,25795072,100,83,set_balance,1097.2925829992164,True,
forkyard,25795072,100,83,fund_token,7.901666001998819,True,
forkyard,25795072,100,83,transfer,1127.7013340004487,True,
forkyard,25795072,100,83,fund_token,530.3154589928454,True,
forkyard,25795072,100,83,transfer,507.69216699700337,True,
forkyard,25795072,100,83,get_balance,986.3607920124196,True,
forkyard,25795072,100,83,discard,2.2324159945128486,True,
forkyard,25795072,100,84,acquire,166.97216698958073,True,
forkyard,25795072,100,84,set_balance,1253.9588329964317,True,
forkyard,25795072,100,84,swap_eth_for_token,1208.9696250041015,True,
forkyard,25795072,100,84,fund_token,838.2229170092614,True,
forkyard,25795072,100,84,approve,415.5837500002235,True,
forkyard,25795072,100,84,fund_token,141.84145799663384,True,
forkyard,25795072,100,84,approve,353.1027079880005,True,
forkyard,25795072,100,84,discard,281.1150420020567,True,
forkyard,25795072,100,85,acquire,326.84845800395124,True,
forkyard,25795072,100,85,set_balance,2286.948958004359,True,
forkyard,25795072,100,85,get_balance,713.1984999869019,True,
forkyard,25795072,100,85,swap_eth_for_token,558.3906670071883,True,
forkyard,25795072,100,85,get_balance,421.81937499844935,True,
forkyard,25795072,100,85,swap_eth_for_token,69.89308400079608,True,
forkyard,25795072,100,85,fund_token,280.9591669938527,True,
forkyard,25795072,100,85,discard,1.2153330026194453,True,
forkyard,25795072,100,86,acquire,106.00374999921769,True,
forkyard,25795072,100,86,set_balance,1137.3144170065643,True,
forkyard,25795072,100,86,transfer,1635.7300829986343,True,
forkyard,25795072,100,86,transfer,557.9918750008801,True,
forkyard,25795072,100,86,swap_eth_for_token,537.452791002579,True,
forkyard,25795072,100,86,transfer,553.4690420026891,True,
forkyard,25795072,100,86,fund_token,283.42049999628216,True,
forkyard,25795072,100,86,discard,10.260708004352637,True,
forkyard,25795072,100,87,acquire,291.602832992794,True,
forkyard,25795072,100,87,set_balance,903.0085830017924,True,
forkyard,25795072,100,87,get_balance,23.068417009199038,True,
forkyard,25795072,100,87,transfer,1487.3970829939935,True,
forkyard,25795072,100,87,swap_eth_for_token,753.067124998779,True,
forkyard,25795072,100,87,transfer,537.3731670115376,True,
forkyard,25795072,100,87,transfer,674.5194579998497,True,
forkyard,25795072,100,87,discard,142.33604099717923,True,
forkyard,25795072,100,88,acquire,443.9142079936573,True,
forkyard,25795072,100,88,set_balance,2051.0864579991903,True,
forkyard,25795072,100,88,fund_token,62.196667000534944,True,
forkyard,25795072,100,88,swap_eth_for_token,195.10874999105,True,
forkyard,25795072,100,88,transfer,551.844917004928,True,
forkyard,25795072,100,88,swap_eth_for_token,229.4512499938719,True,
forkyard,25795072,100,88,get_balance,19.101999991107732,True,
forkyard,25795072,100,88,discard,4.707541011157446,True,
forkyard,25795072,100,89,acquire,290.83041699777823,True,
forkyard,25795072,100,89,set_balance,2673.853042011615,True,
forkyard,25795072,100,89,transfer,715.1204169931589,True,
forkyard,25795072,100,89,get_balance,151.0059580032248,True,
forkyard,25795072,100,89,transfer,197.94924999587238,True,
forkyard,25795072,100,89,fund_token,536.9481660018209,True,
forkyard,25795072,100,89,get_balance,14.195915995514952,True,
forkyard,25795072,100,89,discard,4.161082993960008,True,
forkyard,25795072,100,90,acquire,325.6562080059666,True,
forkyard,25795072,100,90,set_balance,2274.230000009993,True,
forkyard,25795072,100,90,get_balance,716.5654159907717,True,
forkyard,25795072,100,90,fund_token,277.30108398827724,True,
forkyard,25795072,100,90,swap_eth_for_token,430.67774998780806,True,
forkyard,25795072,100,90,approve,283.0079170089448,True,
forkyard,25795072,100,90,fund_token,19.05891600472387,True,
forkyard,25795072,100,90,discard,17.636042000958696,True,
forkyard,25795072,100,91,acquire,296.36104199744295,True,
forkyard,25795072,100,91,set_balance,802.1481660107384,True,
forkyard,25795072,100,91,transfer,1468.004916998325,True,
forkyard,25795072,100,91,get_balance,567.1796669921605,True,
forkyard,25795072,100,91,fund_token,16.309083002852276,True,
forkyard,25795072,100,91,fund_token,11.955291003687307,True,
forkyard,25795072,100,91,swap_eth_for_token,310.75020899879746,True,
forkyard,25795072,100,91,discard,5.431791010778397,True,
forkyard,25795072,100,92,acquire,134.16287499421742,True,
forkyard,25795072,100,92,set_balance,2503.767208996578,True,
forkyard,25795072,100,92,fund_token,23.86795800703112,True,
forkyard,25795072,100,92,transfer,451.4299580041552,True,
forkyard,25795072,100,92,get_balance,825.6896250095451,True,
forkyard,25795072,100,92,approve,422.2289169993019,True,
forkyard,25795072,100,92,transfer,550.822999997763,True,
forkyard,25795072,100,92,discard,272.3521250009071,True,
forkyard,25795072,100,93,acquire,298.69095800677314,True,
forkyard,25795072,100,93,set_balance,819.5976669958327,True,
forkyard,25795072,100,93,fund_token,22.11679200991057,True,
forkyard,25795072,100,93,transfer,2180.891874988447,True,
forkyard,25795072,100,93,swap_eth_for_token,487.7337920042919,True,
forkyard,25795072,100,93,get_balance,145.53829199576285,True,
forkyard,25795072,100,93,transfer,169.24783299327828,True,
forkyard,25795072,100,93,discard,0.5884999991394579,True,
forkyard,25795072,100,94,acquire,303.0923750047805,True,
forkyard,25795072,100,94,set_balance,746.6989170061424,True,
forkyard,25795072,100,94,get_balance,47.10999999952037,True,
forkyard,25795072,100,94,swap_eth_for_token,1458.7285419984255,True,
forkyard,25795072,100,94,fund_token,688.369583003805,True,
forkyard,25795072,100,94,fund_token,144.93783299985807,True,
forkyard,25795072,100,94,swap_eth_for_token,327.30408299539704,True,
forkyard,25795072,100,94,discard,146.3205000036396,True,
forkyard,25795072,100,95,acquire,284.87879200838506,True,
forkyard,25795072,100,95,set_balance,2101.8317919952096,True,
forkyard,25795072,100,95,get_balance,837.2369590069866,True,
forkyard,25795072,100,95,transfer,420.28899998695124,True,
forkyard,25795072,100,95,transfer,557.2270420088898,True,
forkyard,25795072,100,95,swap_eth_for_token,318.3259579964215,True,
forkyard,25795072,100,95,transfer,432.09924999973737,True,
forkyard,25795072,100,95,discard,2.580458007287234,True,
forkyard,25795072,100,96,acquire,299.79295800148975,True,
forkyard,25795072,100,96,set_balance,1081.9950830045855,True,
forkyard,25795072,100,96,swap_eth_for_token,1303.4306250046939,True,
forkyard,25795072,100,96,fund_token,430.4581250034971,True,
forkyard,25795072,100,96,transfer,609.7659579972969,True,
forkyard,25795072,100,96,transfer,717.7979999978561,True,
forkyard,25795072,100,96,get_balance,146.18879099725746,True,
forkyard,25795072,100,96,discard,1.052040999638848,True,
forkyard,25795072,100,97,acquire,102.03862500202376,True,
forkyard,25795072,100,97,set_balance,2388.0382500065025,True,
forkyard,25795072,100,97,get_balance,820.398459007265,True,
forkyard,25795072,100,97,swap_eth_for_token,549.7140000079526,True,
forkyard,25795072,100,97,transfer,547.2119579935679,True,
forkyard,25795072,100,97,transfer,571.2910419970285,True,
forkyard,25795072,100,97,swap_eth_for_token,16.91249999566935,True,
forkyard,25795072,100,97,discard,0.8811659936327487,True,
forkyard,25795072,100,98,acquire,162.03641600441188,True,
forkyard,25795072,100,98,set_balance,1282.0488750003278,True,
forkyard,25795072,100,98,swap_eth_for_token,1111.6589580051368,True,
forkyard,25795072,100,98,swap_eth_for_token,965.7377919938881,True,
forkyard,25795072,100,98,transfer,532.4032500066096,True,
forkyard,25795072,100,98,swap_eth_for_token,344.98566600086633,True,
forkyard,25795072,100,98,fund_token,279.45020800689235,True,
forkyard,25795072,100,98,discard,7.609958993270993,True,
forkyard,25795072,100,99,acquire,287.400291999802,True,
forkyard,25795072,100,99,set_balance,962.8559999982826,True,
forkyard,25795072,100,99,fund_token,11.430416998337023,True,
forkyard,25795072,100,99,get_balance,14.672499994048849,True,
forkyard,25795072,100,99,get_balance,1340.4271659965161,True,
forkyard,25795072,100,99,get_balance,1286.5262499981327,True,
forkyard,25795072,100,99,swap_eth_for_token,426.80345800181385,True,
forkyard,25795072,100,99,discard,410.94441698805895,True,
forkyard,25795072,100,-1,__total__,5487.376458011568,True,
anvil,25795072,100,0,acquire,926.882707994082,True,
anvil,25795072,100,0,set_balance,1295.2355000015814,True,
anvil,25795072,100,0,fund_token,152.32649999961723,True,
anvil,25795072,100,0,transfer,3039.411667006789,True,
anvil,25795072,100,0,approve,1631.7248749983264,True,
anvil,25795072,100,0,swap_eth_for_token,3028.9625419973163,True,
anvil,25795072,100,0,swap_eth_for_token,269.1067080013454,True,
anvil,25795072,100,0,discard,4.238958994392306,True,
anvil,25795072,100,1,acquire,728.9852910034824,True,
anvil,25795072,100,1,set_balance,146.72908300417475,True,
anvil,25795072,100,1,get_balance,1.9899579929187894,True,
anvil,25795072,100,1,swap_eth_for_token,8285.67962499801,True,
anvil,25795072,100,1,fund_token,8.5758750064997,True,
anvil,25795072,100,1,fund_token,7.117708999430761,True,
anvil,25795072,100,1,get_balance,12.459791003493592,True,
anvil,25795072,100,1,discard,9.128124991548248,True,
anvil,25795072,100,2,acquire,887.9289169999538,True,
anvil,25795072,100,2,set_balance,1282.6732499961508,True,
anvil,25795072,100,2,transfer,3063.039458997082,True,
anvil,25795072,100,2,transfer,1677.8301669983193,True,
anvil,25795072,100,2,get_balance,10.09850000264123,True,
anvil,25795072,100,2,swap_eth_for_token,3487.8821250022156,True,
anvil,25795072,100,2,transfer,499.4956250011455,True,
anvil,25795072,100,2,discard,3.919708004104905,True,
anvil,25795072,100,3,acquire,929.854208996403,True,
anvil,25795072,100,3,set_balance,1292.360417006421,True,
anvil,25795072,100,3,get_balance,7.343207995290868,True,
anvil,25795072,100,3,swap_eth_for_token,4845.974333002232,True,
anvil,25795072,100,3,transfer,542.1535409986973,True,
anvil,25795072,100,3,fund_token,1.0688339971238747,True,
anvil,25795072,100,3,approve,505.224749998888,True,
anvil,25795072,100,3,discard,10.346666007535532,True,
anvil,25795072,100,4,acquire,764.141625011689,True,
anvil,25795072,100,4,set_balance,151.72599999641534,True,
anvil,25795072,100,4,get_balance,11.071458997321315,True,
anvil,25795072,100,4,transfer,3015.3603329963516,True,
anvil,25795072,100,4,fund_token,1279.9972920038272,True,
anvil,25795072,100,4,transfer,1681.8717919959454,True,
anvil,25795072,100,4,transfer,520.4561250138795,True,
anvil,25795072,100,4,discard,10.775291011668742,True,
anvil,25795072,100,5,acquire,762.1812080033123,True,
anvil,25795072,100,5,set_balance,146.60529200045858,True,
anvil,25795072,100,5,swap_eth_for_token,8209.425499997451,True,
anvil,25795072,100,5,transfer,552.4499169987394,True,
anvil,25795072,100,5,get_balance,2.3541249975096434,True,
anvil,25795072,100,5,get_balance,4.200291994493455,True,
anvil,25795072,100,5,swap_eth_for_token,265.46525000594556,True,
anvil,25795072,100,5,discard,4.27745800698176,True,
anvil,25795072,100,6,acquire,934.4462500012014,True,
anvil,25795072,100,6,set_balance,1276.0062500019558,True,
anvil,25795072,100,6,transfer,3083.8923340052133,True,
anvil,25795072,100,6,swap_eth_for_token,4512.341624998953,True,
anvil,25795072,100,6,transfer,506.06633300776593,True,
anvil,25795072,100,6,fund_token,1.1281659972155467,True,
anvil,25795072,100,6,swap_eth_for_token,254.91050000709947,True,
anvil,25795072,100,6,discard,4.553292004857212,True,
anvil,25795072,100,7,acquire,944.8904580058297,True,
anvil,25795072,100,7,set_balance,1287.040416005766,True,
anvil,25795072,100,7,swap_eth_for_token,7117.72216699319,True,
anvil,25795072,100,7,fund_token,3.037207992747426,True,
anvil,25795072,100,7,transfer,529.0019579988439,True,
anvil,25795072,100,7,swap_eth_for_token,263.295915996423,True,
anvil,25795072,100,7,approve,482.9876659932779,True,
anvil,25795072,100,7,discard,4.549875011434779,True,
anvil,25795072,100,8,acquire,948.7061249965336,True,
anvil,25795072,100,8,set_balance,1279.3874999915715,True,
anvil,25795072,100,8,get_balance,7.780125000863336,True,
anvil,25795072,100,8,fund_token,156.75208299944643,True,
anvil,25795072,100,8,get_balance,10.491958993952721,True,
anvil,25795072,100,8,transfer,3018.0597500002477,True,
anvil,25795072,100,8,get_balance,1.3196250074543059,True,
anvil,25795072,100,8,discard,10.845709010027349,True,
anvil,25795072,100,9,acquire,936.4794160064775,True,
anvil,25795072,100,9,set_balance,1281.4363750076154,True,
anvil,25795072,100,9,fund_token,148.10424999450333,True,
anvil,25795072,100,9,swap_eth_for_token,6871.84358300874,True,
anvil,25795072,100,9,get_balance,2.928415997303091,True,
anvil,25795072,100,9,swap_eth_for_token,257.90799999958836,True,
anvil,25795072,100,9,approve,493.465916995774,True,
anvil,25795072,100,9,discard,3.8884590030647814,True,
anvil,25795072,100,10,acquire,946.855082991533,True,
anvil,25795072,100,10,set_balance,1289.3141669919714,True,
anvil,25795072,100,10,transfer,3029.9605000036536,True,
anvil,25795072,100,10,fund_token,145.01920800830703,True,
anvil,25795072,100,10,get_balance,2.916583005571738,True,
anvil,25795072,100,10,fund_token,0.6092499970691279,True,
anvil,25795072,100,10,get_balance,2.3489580053137615,True,
anvil,25795072,100,10,discard,4.583125002682209,True,
anvil,25795072,100,11,acquire,911.7720419890247,True,
anvil,25795072,100,11,set_balance,1288.3949169918196,True,
anvil,25795072,100,11,fund_token,150.92695799830835,True,
anvil,25795072,100,11,fund_token,6.911500007845461,True,
anvil,25795072,100,11,get_balance,8.904500005883165,True,
anvil,25795072,100,11,approve,3114.2241250054212,True,
anvil,25795072,100,11,fund_token,3.6671249981736764,True,
anvil,25795072,100,11,discard,5.529583999305032,True,
anvil,25795072,100,12,acquire,949.3556250090478,True,
anvil,25795072,100,12,set_balance,1307.9516669968143,True,
anvil,25795072,100,12,fund_token,146.37570800550748,True,
anvil,25795072,100,12,approve,3049.693082997692,True,
anvil,25795072,100,12,fund_token,0.985417005722411,True,
anvil,25795072,100,12,swap_eth_for_token,4143.878499991843,True,
anvil,25795072,100,12,swap_eth_for_token,261.8893750041025,True,
anvil,25795072,100,12,discard,5.583125006523915,True,
anvil,25795072,100,13,acquire,945.1142089965288,True,
anvil,25795072,100,13,set_balance,1338.504291998106,True,
anvil,25795072,100,13,swap_eth_for_token,7033.456417004345,True,
anvil,25795072,100,13,get_balance,19.919042009860277,True,
anvil,25795072,100,13,get_balance,17.135041009169072,True,
anvil,25795072,100,13,get_balance,40.89074999501463,True,
anvil,25795072,100,13,transfer,525.4554590064799,True,
anvil,25795072,100,13,discard,4.277041007298976,True,
anvil,25795072,100,14,acquire,958.3899999997811,True,
anvil,25795072,100,14,set_balance,1353.737416997319,True,
anvil,25795072,100,14,transfer,3056.354917003773,True,
anvil,25795072,100,14,swap_eth_for_token,4645.390707999468,True,
anvil,25795072,100,14,swap_eth_for_token,271.2729579943698,True,
anvil,25795072,100,14,fund_token,1.0472499998286366,True,
anvil,25795072,100,14,fund_token,0.7712910010013729,True,
anvil,25795072,100,14,discard,4.111500005819835,True,
anvil,25795072,100,15,acquire,924.3741670070449,True,
anvil,25795072,100,15,set_balance,1301.1560839950107,True,
anvil,25795072,100,15,get_balance,7.485292007913813,True,
anvil,25795072,100,15,transfer,3033.573292006622,True,
anvil,25795072,100,15,get_balance,9.328875006758608,True,
anvil,25795072,100,15,transfer,1664.6157079958357,True,
anvil,25795072,100,15,swap_eth_for_token,3410.84470799251,True,
anvil,25795072,100,15,discard,5.126000003656372,True,
anvil,25795072,100,16,acquire,920.5126659944654,True,
anvil,25795072,100,16,set_balance,1317.6957090036012,True,
anvil,25795072,100,16,swap_eth_for_token,6994.007459012209,True,
anvil,25795072,100,16,fund_token,3.7592910084640607,True,
anvil,25795072,100,16,fund_token,4.119917008210905,True,
anvil,25795072,100,16,fund_token,1.0692920041037723,True,
anvil,25795072,100,16,fund_token,2.4690839927643538,True,
anvil,25795072,100,16,discard,5.000958000891842,True,
anvil,25795072,100,17,acquire,938.0274169961922,True,
anvil,25795072,100,17,set_balance,1336.2771670072107,True,
anvil,25795072,100,17,fund_token,1302.94441600563,True,
anvil,25795072,100,17,swap_eth_for_token,3414.709707998554,True,
anvil,25795072,100,17,get_balance,10.855582993826829,True,
anvil,25795072,100,17,transfer,531.1310410033911,True,
anvil,25795072,100,17,get_balance,7.568582994281314,True,
anvil,25795072,100,17,discard,6.552791994181462,True,
anvil,25795072,100,18,acquire,892.8319169936003,True,
anvil,25795072,100,18,set_balance,1272.8289589867927,True,
anvil,25795072,100,18,get_balance,8.246624987805262,True,
anvil,25795072,100,18,fund_token,141.33724999555852,True,
anvil,25795072,100,18,get_balance,11.513208010001108,True,
anvil,25795072,100,18,fund_token,2.41237498994451,True,
anvil,25795072,100,18,get_balance,10.230041996692307,True,
anvil,25795072,100,18,discard,7.555042000603862,True,
anvil,25795072,100,19,acquire,899.6761250018608,True,
anvil,25795072,100,19,set_balance,1292.9856669943547,True,
anvil,25795072,100,19,transfer,3017.7919160050806,True,
anvil,25795072,100,19,get_balance,3.9964590105228126,True,
anvil,25795072,100,19,swap_eth_for_token,4418.458790998557,True,
anvil,25795072,100,19,get_balance,6.085832996177487,True,
anvil,25795072,100,19,transfer,498.2733329961775,True,
anvil,25795072,100,19,discard,4.734333007945679,True,
anvil,25795072,100,20,acquire,917.6861669984646,True,
anvil,25795072,100,20,set_balance,1346.6500000067754,True,
anvil,25795072,100,20,get_balance,7.194791003712453,True,
anvil,25795072,100,20,transfer,3020.1382920058677,True,
anvil,25795072,100,20,get_balance,4.567333991872147,True,
anvil,25795072,100,20,fund_token,1271.8488340033218,True,
anvil,25795072,100,20,transfer,493.29262500396,True,
anvil,25795072,100,20,discard,4.619125000317581,True,
anvil,25795072,100,21,acquire,909.0515830030199,True,
anvil,25795072,100,21,set_balance,1326.2745000101859,True,
anvil,25795072,100,21,get_balance,12.15424999827519,True,
anvil,25795072,100,21,fund_token,1308.8165410008514,True,
anvil,25795072,100,21,fund_token,10.218957992037758,True,
anvil,25795072,100,21,fund_token,3.867207997245714,True,
anvil,25795072,100,21,approve,1801.9244169990998,True,
anvil,25795072,100,21,discard,4.687792010372505,True,
anvil,25795072,100,22,acquire,898.5092920047464,True,
anvil,25795072,100,22,set_balance,1337.9636669997126,True,
anvil,25795072,100,22,get_balance,16.651666999678127,True,
anvil,25795072,100,22,transfer,2847.840709000593,True,
anvil,25795072,100,22,get_balance,13.417958005447872,True,
anvil,25795072,100,22,swap_eth_for_token,4408.083957998315,True,
anvil,25795072,100,22,get_balance,2.4099169968394563,True,
anvil,25795072,100,22,discard,3.855540999211371,True,
anvil,25795072,100,23,acquire,910.4934579954715,True,
anvil,25795072,100,23,set_balance,1303.0079579912126,True,
anvil,25795072,100,23,swap_eth_for_token,6977.672542008804,True,
anvil,25795072,100,23,transfer,505.8635830064304,True,
anvil,25795072,100,23,fund_token,2.845958006219007,True,
anvil,25795072,100,23,approve,500.8295419975184,True,
anvil,25795072,100,23,swap_token_for_token,494.58724999567494,True,
anvil,25795072,100,23,discard,4.568208009004593,True,
anvil,25795072,100,24,acquire,906.4340829936555,True,
anvil,25795072,100,24,set_balance,1325.1762919971952,True,
anvil,25795072,100,24,fund_token,1302.482750004856,True,
anvil,25795072,100,24,get_balance,16.105834001791663,True,
anvil,25795072,100,24,get_balance,16.977833001874387,True,
anvil,25795072,100,24,transfer,3158.914416009793,True,
anvil,25795072,100,24,swap_eth_for_token,3279.599874993437,True,
anvil,25795072,100,24,discard,4.824500007089227,True,
anvil,25795072,100,25,acquire,2129.955541997333,True,
anvil,25795072,100,25,set_balance,150.26012499583885,True,
anvil,25795072,100,25,fund_token,1288.003249996109,True,
anvil,25795072,100,25,get_balance,18.394792001345195,True,
anvil,25795072,100,25,fund_token,2.577417006250471,True,
anvil,25795072,100,25,swap_eth_for_token,5703.8849590026075,True,
anvil,25795072,100,25,swap_eth_for_token,316.9493339955807,True,
anvil,25795072,100,25,discard,6.349916002363898,True,
anvil,25795072,100,26,acquire,2147.0118329889374,True,
anvil,25795072,100,26,set_balance,147.40320898999926,True,
anvil,25795072,100,26,get_balance,11.495582992210984,True,
anvil,25795072,100,26,fund_token,1299.5867909921799,True,
anvil,25795072,100,26,get_balance,11.815208999905735,True,
anvil,25795072,100,26,transfer,3038.186834004591,True,
anvil,25795072,100,26,fund_token,1.6269579937215894,True,
anvil,25795072,100,26,discard,14.051207996089943,True,
anvil,25795072,100,27,acquire,912.1003749896772,True,
anvil,25795072,100,27,set_balance,1312.6362500042887,True,
anvil,25795072,100,27,fund_token,1295.4130829893984,True,
anvil,25795072,100,27,swap_eth_for_token,5674.61266698956,True,
anvil,25795072,100,27,transfer,509.57762500911485,True,
anvil,25795072,100,27,swap_eth_for_token,263.71416699839756,True,
anvil,25795072,100,27,swap_eth_for_token,246.02416600100696,True,
anvil,25795072,100,27,discard,3.780791987082921,True,
anvil,25795072,100,28,acquire,4253.623791009886,True,
anvil,25795072,100,28,set_balance,140.59104199986905,True,
anvil,25795072,100,28,transfer,771.2832079996588,True,
anvil,25795072,100,28,get_balance,5.716999992728233,True,
anvil,25795072,100,28,get_balance,8.494875000906177,True,
anvil,25795072,100,28,fund_token,149.71045799029525,True,
anvil,25795072,100,28,get_balance,2.7161250036442652,True,
anvil,25795072,100,28,discard,9.847374996752478,True,
anvil,25795072,100,29,acquire,2981.6265409899643,True,
anvil,25795072,100,29,set_balance,141.27604199165944,True,
anvil,25795072,100,29,transfer,1878.9111669902923,True,
anvil,25795072,100,29,swap_eth_for_token,3487.1347909938777,True,
anvil,25795072,100,29,swap_eth_for_token,267.62291698832996,True,
anvil,25795072,100,29,fund_token,6.933958997251466,True,
anvil,25795072,100,29,transfer,530.9415000083391,True,
anvil,25795072,100,29,discard,6.219875009264797,True,
anvil,25795072,100,30,acquire,4217.229916001088,True,
anvil,25795072,100,30,set_balance,137.88391699199565,True,
anvil,25795072,100,30,swap_eth_for_token,4879.352250005468,True,
anvil,25795072,100,30,get_balance,12.137500001699664,True,
anvil,25795072,100,30,transfer,556.6285419918131,True,
anvil,25795072,100,30,fund_token,0.5335000023478642,True,
anvil,25795072,100,30,transfer,490.8486670028651,True,
anvil,25795072,100,30,discard,4.533958999672905,True,
anvil,25795072,100,31,acquire,3169.1687499987893,True,
anvil,25795072,100,31,set_balance,144.9005419999594,True,
anvil,25795072,100,31,transfer,1757.8991659975145,True,
anvil,25795072,100,31,transfer,1683.1660409952747,True,
anvil,25795072,100,31,get_balance,6.98424999427516,True,
anvil,25795072,100,31,get_balance,13.020917001995258,True,
anvil,25795072,100,31,get_balance,18.757291007204913,True,
anvil,25795072,100,31,discard,6.583082998986356,True,
anvil,25795072,100,32,acquire,4022.9797920037527,True,
anvil,25795072,100,32,set_balance,141.19770799879916,True,
anvil,25795072,100,32,transfer,747.2317089996068,True,
anvil,25795072,100,32,get_balance,12.320750000071712,True,
anvil,25795072,100,32,get_balance,2.743959004874341,True,
anvil,25795072,100,32,transfer,511.7594170005759,True,
anvil,25795072,100,32,transfer,490.07066700141877,True,
anvil,25795072,100,32,discard,9.37254200107418,True,
anvil,25795072,100,33,acquire,4053.677834002883,True,
anvil,25795072,100,33,set_balance,150.3507090092171,True,
anvil,25795072,100,33,get_balance,3.296750001027249,True,
anvil,25795072,100,33,swap_eth_for_token,4772.353166001267,True,
anvil,25795072,100,33,get_balance,12.09141599247232,True,
anvil,25795072,100,33,fund_token,10.592624996206723,True,
anvil,25795072,100,33,swap_eth_for_token,290.1691250008298,True,
anvil,25795072,100,33,discard,8.80874998983927,True,
anvil,25795072,100,34,acquire,4259.989708007197,True,
anvil,25795072,100,34,set_balance,139.67633301217575,True,
anvil,25795072,100,34,swap_eth_for_token,4699.472749998677,True,
anvil,25795072,100,34,get_balance,4.76866599638015,True,
anvil,25795072,100,34,fund_token,5.6385839998256415,True,
anvil,25795072,100,34,transfer,495.9496660012519,True,
anvil,25795072,100,34,swap_eth_for_token,247.94516699330416,True,
anvil,25795072,100,34,discard,4.270874997018836,True,
anvil,25795072,100,35,acquire,4223.054290996515,True,
anvil,25795072,100,35,set_balance,143.75820799614303,True,
anvil,25795072,100,35,swap_eth_for_token,4856.120500000543,True,
anvil,25795072,100,35,swap_eth_for_token,314.45720900956076,True,
anvil,25795072,100,35,swap_eth_for_token,254.8547499900451,True,
anvil,25795072,100,35,swap_eth_for_token,257.4385830084793,True,
anvil,25795072,100,35,swap_eth_for_token,258.65670799976215,True,
anvil,25795072,100,35,discard,1.519790996098891,True,
anvil,25795072,100,36,acquire,4062.494916986907,True,
anvil,25795072,100,36,set_balance,139.45366599364206,True,
anvil,25795072,100,36,swap_eth_for_token,4676.625874999445,True,
anvil,25795072,100,36,transfer,502.7701250073733,True,
anvil,25795072,100,36,transfer,492.71883300389163,True,
anvil,25795072,100,36,get_balance,7.608917003381066,True,
anvil,25795072,100,36,swap_eth_for_token,272.5950419990113,True,
anvil,25795072,100,36,discard,2.9380409978330135,True,
anvil,25795072,100,37,acquire,4028.0244589957874,True,
anvil,25795072,100,37,set_balance,153.89724999840837,True,
anvil,25795072,100,37,transfer,759.1571669909172,True,
anvil,25795072,100,37,swap_eth_for_token,3456.5310409961967,True,
anvil,25795072,100,37,transfer,517.3369170079241,True,
anvil,25795072,100,37,swap_eth_for_token,308.5773750062799,True,
anvil,25795072,100,37,fund_token,20.270875000278465,True,
anvil,25795072,100,37,discard,10.81908299238421,True,
anvil,25795072,100,38,acquire,2388.006041990593,True,
anvil,25795072,100,38,set_balance,1279.8586660064757,True,
anvil,25795072,100,38,fund_token,1294.19687500922,True,
anvil,25795072,100,38,transfer,1895.2966250071768,True,
anvil,25795072,100,38,swap_eth_for_token,3003.345041986904,True,
anvil,25795072,100,38,swap_eth_for_token,259.9057500046911,True,
anvil,25795072,100,38,approve,499.33516699820757,True,
anvil,25795072,100,38,discard,4.220000002533197,True,
anvil,25795072,100,39,acquire,2378.9367089921143,True,
anvil,25795072,100,39,set_balance,1290.1915419934085,True,
anvil,25795072,100,39,get_balance,13.184208000893705,True,
anvil,25795072,100,39,fund_token,1327.217208003276,True,
anvil,25795072,100,39,get_balance,14.743708990863524,True,
anvil,25795072,100,39,fund_token,13.756458007264882,True,
anvil,25795072,100,39,swap_eth_for_token,3691.824583991547,True,
anvil,25795072,100,39,discard,10.597083004540764,True,
anvil,25795072,100,40,acquire,2371.0861669969745,True,
anvil,25795072,100,40,set_balance,1283.320583999739,True,
anvil,25795072,100,40,fund_token,1316.4135409897426,True,
anvil,25795072,100,40,get_balance,5.797915990115143,True,
anvil,25795072,100,40,get_balance,3.031875006854534,True,
anvil,25795072,100,40,swap_eth_for_token,4452.106291995733,True,
anvil,25795072,100,40,fund_token,0.8490830077789724,True,
anvil,25795072,100,40,discard,4.691707988968119,True,
anvil,25795072,100,41,acquire,2357.328707992565,True,
anvil,25795072,100,41,set_balance,1284.2486659938004,True,
anvil,25795072,100,41,fund_token,1319.7520000103395,True,
anvil,25795072,100,41,get_balance,5.141958987223916,True,
anvil,25795072,100,41,fund_token,1.6906669916352257,True,
anvil,25795072,100,41,approve,1909.5814579923172,True,
anvil,25795072,100,41,swap_token_for_token,2021.8229579913896,True,
anvil,25795072,100,41,discard,18.458833001204766,True,
anvil,25795072,100,42,acquire,4226.70383399236,True,
anvil,25795072,100,42,set_balance,144.36712500173599,True,
anvil,25795072,100,42,transfer,756.862916998216,True,
anvil,25795072,100,42,swap_eth_for_token,4542.734332993859,True,
anvil,25795072,100,42,get_balance,14.284333999967203,True,
anvil,25795072,100,42,transfer,515.0413749943255,True,
anvil,25795072,100,42,fund_token,1.0792079992825165,True,
anvil,25795072,100,42,discard,4.477624999708496,True,
anvil,25795072,100,43,acquire,4250.841667002533,True,
anvil,25795072,100,43,set_balance,151.57891699345782,True,
anvil,25795072,100,43,transfer,767.1237500035204,True,
anvil,25795072,100,43,get_balance,2.5114579912042245,True,
anvil,25795072,100,43,swap_eth_for_token,4644.125874998281,True,
anvil,25795072,100,43,fund_token,0.963541999226436,True,
anvil,25795072,100,43,approve,503.44816700089723,True,
anvil,25795072,100,43,discard,4.5375000045169145,True,
anvil,25795072,100,44,acquire,4221.816082994337,True,
anvil,25795072,100,44,set_balance,145.06249999976717,True,
anvil,25795072,100,44,fund_token,152.75729200220667,True,
anvil,25795072,100,44,get_balance,1.814499992178753,True,
anvil,25795072,100,44,get_balance,1.4109160110820085,True,
anvil,25795072,100,44,transfer,782.7757920022123,True,
anvil,25795072,100,44,transfer,1513.9348749944475,True,
anvil,25795072,100,44,discard,5.557166994549334,True,
anvil,25795072,100,45,acquire,4242.258708996815,True,
anvil,25795072,100,45,set_balance,147.25762500893325,True,
anvil,25795072,100,45,swap_eth_for_token,4267.172708001453,True,
anvil,25795072,100,45,fund_token,4.46458300575614,True,
anvil,25795072,100,45,transfer,556.546249994426,True,
anvil,25795072,100,45,swap_eth_for_token,283.2513749890495,True,
anvil,25795072,100,45,transfer,487.79995800578035,True,
anvil,25795072,100,45,discard,4.563249996863306,True,
anvil,25795072,100,46,acquire,4237.008666998008,True,
anvil,25795072,100,46,set_balance,142.7667499956442,True,
anvil,25795072,100,46,transfer,743.6081249907147,True,
anvil,25795072,100,46,transfer,1478.4067080036039,True,
anvil,25795072,100,46,get_balance,3.8578340027015656,True,
anvil,25795072,100,46,transfer,512.8993329999503,True,
anvil,25795072,100,46,swap_eth_for_token,3276.9120000011753,True,
anvil,25795072,100,46,discard,4.564832997857593,True,
anvil,25795072,100,47,acquire,4269.03429099184,True,
anvil,25795072,100,47,set_balance,143.5858329932671,True,
anvil,25795072,100,47,swap_eth_for_token,4775.731458998052,True,
anvil,25795072,100,47,fund_token,21.312124998075888,True,
anvil,25795072,100,47,approve,530.4746250039898,True,
anvil,25795072,100,47,approve,251.7888329894049,True,
anvil,25795072,100,47,approve,255.15908299712464,True,
anvil,25795072,100,47,discard,4.539832996670157,True,
anvil,25795072,100,48,acquire,4248.2099999906495,True,
anvil,25795072,100,48,set_balance,142.66675000544637,True,
anvil,25795072,100,48,swap_eth_for_token,4233.747375008534,True,
anvil,25795072,100,48,swap_eth_for_token,274.96049999899697,True,
anvil,25795072,100,48,fund_token,8.607374998973683,True,
anvil,25795072,100,48,get_balance,7.446832998539321,True,
anvil,25795072,100,48,fund_token,4.89900000684429,True,
anvil,25795072,100,48,discard,7.900666008936241,True,
anvil,25795072,100,49,acquire,2378.722875000676,True,
anvil,25795072,100,49,set_balance,2419.166749998112,True,
anvil,25795072,100,49,transfer,1790.4757920041448,True,
anvil,25795072,100,49,fund_token,143.39441699848976,True,
anvil,25795072,100,49,swap_eth_for_token,1902.5016669911565,True,
anvil,25795072,100,49,transfer,525.7409579935484,True,
anvil,25795072,100,49,get_balance,25.69062499969732,True,
anvil,25795072,100,49,discard,4.005166003480554,True,
anvil,25795072,100,50,acquire,4457.163459010189,True,
anvil,25795072,100,50,set_balance,141.3515829917742,True,
anvil,25795072,100,50,fund_token,142.5885839998955,True,
anvil,25795072,100,50,swap_eth_for_token,4406.390250005643,True,
anvil,25795072,100,50,fund_token,11.945790989557281,True,
anvil,25795072,100,50,transfer,551.0687500063796,True,
anvil,25795072,100,50,get_balance,1.4872080064378679,True,
anvil,25795072,100,50,discard,7.34612499945797,True,
anvil,25795072,100,51,acquire,4231.054416988627,True,
anvil,25795072,100,51,set_balance,138.69620799960103,True,
anvil,25795072,100,51,get_balance,7.234083997900598,True,
anvil,25795072,100,51,get_balance,6.031917000655085,True,
anvil,25795072,100,51,swap_eth_for_token,4781.759207995492,True,
anvil,25795072,100,51,fund_token,6.408790999557823,True,
anvil,25795072,100,51,approve,555.3436660120497,True,
anvil,25795072,100,51,discard,4.535458007012494,True,
anvil,25795072,100,52,acquire,4268.11504199577,True,
anvil,25795072,100,52,set_balance,140.01112499681767,True,
anvil,25795072,100,52,swap_eth_for_token,4702.465708993259,True,
anvil,25795072,100,52,fund_token,6.307541989372112,True,
anvil,25795072,100,52,fund_token,2.528333992813714,True,
anvil,25795072,100,52,get_balance,19.01758300664369,True,
anvil,25795072,100,52,fund_token,20.249249995686114,True,
anvil,25795072,100,52,discard,5.023582998546772,True,
anvil,25795072,100,53,acquire,2340.472875002888,True,
anvil,25795072,100,53,set_balance,1280.0497919961344,True,
anvil,25795072,100,53,get_balance,3.5928750003222376,True,
anvil,25795072,100,53,fund_token,1288.7578749941895,True,
anvil,25795072,100,53,fund_token,3.6107080086367205,True,
anvil,25795072,100,53,transfer,1911.2649579910794,True,
anvil,25795072,100,53,swap_eth_for_token,2048.9667910005664,True,
anvil,25795072,100,53,discard,6.1324589914875105,True,
anvil,25795072,100,54,acquire,2355.71683300077,True,
anvil,25795072,100,54,set_balance,2399.9744160100818,True,
anvil,25795072,100,54,get_balance,2.0303329947637394,True,
anvil,25795072,100,54,swap_eth_for_token,4829.769541000132,True,
anvil,25795072,100,54,fund_token,1.8774579948512837,True,
anvil,25795072,100,54,get_balance,8.341374996234663,True,
anvil,25795072,100,54,swap_eth_for_token,267.52904200111516,True,
anvil,25795072,100,54,discard,4.529209007159807,True,
anvil,25795072,100,55,acquire,2125.4154589987593,True,
anvil,25795072,100,55,set_balance,1328.3361659996444,True,
anvil,25795072,100,55,transfer,3132.398582994938,True,
anvil,25795072,100,55,get_balance,10.072791003040038,True,
anvil,25795072,100,55,transfer,517.0145830052206,True,
anvil,25795072,100,55,swap_eth_for_token,2293.3920829964336,True,
anvil,25795072,100,55,swap_eth_for_token,270.56191700103227,True,
anvil,25795072,100,55,discard,4.5467909949366,True,
anvil,25795072,100,56,acquire,2136.263834006968,True,
anvil,25795072,100,56,set_balance,1304.3304580060067,True,
anvil,25795072,100,56,transfer,1762.986165995244,True,
anvil,25795072,100,56,swap_eth_for_token,4423.734582989709,True,
anvil,25795072,100,56,get_balance,8.686250002938323,True,
anvil,25795072,100,56,swap_eth_for_token,260.7605420053005,True,
anvil,25795072,100,56,swap_eth_for_token,258.99620800919365,True,
anvil,25795072,100,56,discard,4.845332994591445,True,
anvil,25795072,100,57,acquire,2368.622708003386,True,
anvil,25795072,100,57,set_balance,2415.1544999913312,True,
anvil,25795072,100,57,transfer,1735.698707998381,True,
anvil,25795072,100,57,transfer,505.28370900428854,True,
anvil,25795072,100,57,swap_eth_for_token,3447.9404169978807,True,
anvil,25795072,100,57,swap_eth_for_token,257.3116249986924,True,
anvil,25795072,100,57,fund_token,2.3644579923711717,True,
anvil,25795072,100,57,discard,4.606167000019923,True,
anvil,25795072,100,58,acquire,2164.376999993692,True,
anvil,25795072,100,58,set_balance,1294.6546250022948,True,
anvil,25795072,100,58,get_balance,4.871083001489751,True,
anvil,25795072,100,58,get_balance,4.966374996001832,True,
anvil,25795072,100,58,get_balance,1.8910829967353493,True,
anvil,25795072,100,58,fund_token,1281.5787910076324,True,
anvil,25795072,100,58,swap_eth_for_token,4516.164957996807,True,
anvil,25795072,100,58,discard,5.322040989995003,True,
anvil,25795072,100,59,acquire,2138.692541993805,True,
anvil,25795072,100,59,set_balance,1291.0978330037324,True,
anvil,25795072,100,59,get_balance,12.384250003378838,True,
anvil,25795072,100,59,fund_token,143.66612500452902,True,
anvil,25795072,100,59,get_balance,2.8757919935742393,True,
anvil,25795072,100,59,transfer,3017.384207996656,True,
anvil,25795072,100,59,fund_token,3.6002080014441162,True,
anvil,25795072,100,59,discard,10.909332995652221,True,
anvil,25795072,100,60,acquire,3401.595166986226,True,
anvil,25795072,100,60,set_balance,149.6800000022631,True,
anvil,25795072,100,60,swap_eth_for_token,5797.35766700469,True,
anvil,25795072,100,60,get_balance,7.008667002082802,True,
anvil,25795072,100,60,get_balance,3.056250003282912,True,
anvil,25795072,100,60,fund_token,0.5598339921562001,True,
anvil,25795072,100,60,transfer,490.2696250064764,True,
anvil,25795072,100,60,discard,4.5310000132303685,True,
anvil,25795072,100,61,acquire,2338.77562500129,True,
anvil,25795072,100,61,set_balance,2424.764249997679,True,
anvil,25795072,100,61,fund_token,155.63837499939837,True,
anvil,25795072,100,61,approve,814.3404169968562,True,
anvil,25795072,100,61,swap_eth_for_token,3132.9944580065785,True,
anvil,25795072,100,61,swap_token_for_token,532.9334580019349,True,
anvil,25795072,100,61,swap_eth_for_token,262.76974999927916,True,
anvil,25795072,100,61,discard,4.525125012150966,True,
anvil,25795072,100,62,acquire,3381.6918329976033,True,
anvil,25795072,100,62,set_balance,156.67654099524952,True,
anvil,25795072,100,62,get_balance,7.2322920022998005,True,
anvil,25795072,100,62,get_balance,6.312041994533502,True,
anvil,25795072,100,62,swap_eth_for_token,5038.786167002399,True,
anvil,25795072,100,62,get_balance,14.47245798772201,True,
anvil,25795072,100,62,get_balance,13.482000009389594,True,
anvil,25795072,100,62,discard,10.92095898638945,True,
anvil,25795072,100,63,acquire,3403.332583999145,True,
anvil,25795072,100,63,set_balance,147.6377090002643,True,
anvil,25795072,100,63,fund_token,1327.1966659958707,True,
anvil,25795072,100,63,swap_eth_for_token,4652.892625003005,True,
anvil,25795072,100,63,fund_token,3.196624995325692,True,
anvil,25795072,100,63,fund_token,4.737959010526538,True,
anvil,25795072,100,63,transfer,494.28091700247023,True,
anvil,25795072,100,63,discard,1.520834004622884,True,
anvil,25795072,100,64,acquire,4449.458792005316,True,
anvil,25795072,100,64,set_balance,136.85537500714418,True,
anvil,25795072,100,64,fund_token,141.05616699089296,True,
anvil,25795072,100,64,approve,1739.749041997129,True,
anvil,25795072,100,64,get_balance,2.8172089951112866,True,
anvil,25795072,100,64,swap_token_for_token,3143.3655000000726,True,
anvil,25795072,100,64,fund_token,7.097125009750016,True,
anvil,25795072,100,64,discard,5.1486659940565005,True,
anvil,25795072,100,65,acquire,4418.427666008938,True,
anvil,25795072,100,65,set_balance,148.96741601114627,True,
anvil,25795072,100,65,fund_token,141.45799999823794,True,
anvil,25795072,100,65,swap_eth_for_token,4546.654208999826,True,
anvil,25795072,100,65,fund_token,1.1683329939842224,True,
anvil,25795072,100,65,approve,523.3909579983447,True,
anvil,25795072,100,65,swap_token_for_token,517.451916995924,True,
anvil,25795072,100,65,discard,4.484208999201655,True,
anvil,25795072,100,66,acquire,6516.200250000111,True,
anvil,25795072,100,66,set_balance,147.472166994703,True,
anvil,25795072,100,66,transfer,1908.3290419948753,True,
anvil,25795072,100,66,fund_token,157.9104999982519,True,
anvil,25795072,100,66,fund_token,1.4467919972958043,True,
anvil,25795072,100,66,swap_eth_for_token,1952.044208010193,True,
anvil,25795072,100,66,fund_token,1.6012920095818117,True,
anvil,25795072,100,66,discard,4.551292004180141,True,
anvil,25795072,100,67,acquire,5463.437207989045,True,
anvil,25795072,100,67,set_balance,149.10787499684375,True,
anvil,25795072,100,67,transfer,750.8008329896256,True,
anvil,25795072,100,67,fund_token,150.39145800983533,True,
anvil,25795072,100,67,fund_token,11.502916997415014,True,
anvil,25795072,100,67,approve,535.4226249910425,True,
anvil,25795072,100,67,approve,271.2837079889141,True,
anvil,25795072,100,67,discard,4.60404199839104,True,
anvil,25795072,100,68,acquire,5456.570875001489,True,
anvil,25795072,100,68,set_balance,151.62349998718128,True,
anvil,25795072,100,68,fund_token,143.63962500647176,True,
anvil,25795072,100,68,approve,757.7322500001173,True,
anvil,25795072,100,68,fund_token,10.78149999375455,True,
anvil,25795072,100,68,swap_token_for_token,3037.59637499752,True,
anvil,25795072,100,68,get_balance,8.805834004306234,True,
anvil,25795072,100,68,discard,5.605250000371598,True,
anvil,25795072,100,69,acquire,5660.971250006696,True,
anvil,25795072,100,69,set_balance,146.42733300570399,True,
anvil,25795072,100,69,transfer,751.4644160110038,True,
anvil,25795072,100,69,get_balance,9.074500005226582,True,
anvil,25795072,100,69,swap_eth_for_token,3404.6904999995604,True,
anvil,25795072,100,69,fund_token,0.6393750081770122,True,
anvil,25795072,100,69,fund_token,1.4866669953335077,True,
anvil,25795072,100,69,discard,4.635000004782341,True,
anvil,25795072,100,70,acquire,5431.603749995702,True,
anvil,25795072,100,70,set_balance,149.48933299456257,True,
anvil,25795072,100,70,transfer,744.8844999889843,True,
anvil,25795072,100,70,fund_token,149.40941699023824,True,
anvil,25795072,100,70,get_balance,13.307999994140118,True,
anvil,25795072,100,70,transfer,527.065375004895,True,
anvil,25795072,100,70,approve,1505.0434579898138,True,
anvil,25795072,100,70,discard,7.482041997718625,True,
anvil,25795072,100,71,acquire,5453.345875008381,True,
anvil,25795072,100,71,set_balance,149.0612079942366,True,
anvil,25795072,100,71,swap_eth_for_token,3618.045166003867,True,
anvil,25795072,100,71,swap_eth_for_token,272.10020800703205,True,
anvil,25795072,100,71,get_balance,9.675666995462961,True,
anvil,25795072,100,71,transfer,507.3797079967335,True,
anvil,25795072,100,71,transfer,505.4036250076024,True,
anvil,25795072,100,71,discard,4.599708991008811,True,
anvil,25795072,100,72,acquire,5648.163457997725,True,
anvil,25795072,100,72,set_balance,140.65104199107736,True,
anvil,25795072,100,72,transfer,741.7609169933712,True,
anvil,25795072,100,72,swap_eth_for_token,3468.827707998571,True,
anvil,25795072,100,72,swap_eth_for_token,262.40424999559764,True,
anvil,25795072,100,72,swap_eth_for_token,259.2866250051884,True,
anvil,25795072,100,72,fund_token,1.10524999035988,True,
anvil,25795072,100,72,discard,4.625540997949429,True,
anvil,25795072,100,73,acquire,3568.8504589925287,True,
anvil,25795072,100,73,set_balance,1285.6842089968268,True,
anvil,25795072,100,73,swap_eth_for_token,4882.537666999269,True,
anvil,25795072,100,73,fund_token,1.5346250002039596,True,
anvil,25795072,100,73,fund_token,1.3787500065518543,True,
anvil,25795072,100,73,approve,501.5694580069976,True,
anvil,25795072,100,73,fund_token,0.8283329952973872,True,
anvil,25795072,100,73,discard,4.579665997880511,True,
anvil,25795072,100,74,acquire,5467.170125004486,True,
anvil,25795072,100,74,set_balance,146.71470900066197,True,
anvil,25795072,100,74,transfer,753.9434579957742,True,
anvil,25795072,100,74,transfer,524.2936249997001,True,
anvil,25795072,100,74,get_balance,2.1419999975478277,True,
anvil,25795072,100,74,swap_eth_for_token,3400.5152080062544,True,
anvil,25795072,100,74,fund_token,0.7345419871853665,True,
anvil,25795072,100,74,discard,4.562750007607974,True,
anvil,25795072,100,75,acquire,5494.599499987089,True,
anvil,25795072,100,75,set_balance,148.54562500840984,True,
anvil,25795072,100,75,fund_token,148.7389579997398,True,
anvil,25795072,100,75,fund_token,2.99091701162979,True,
anvil,25795072,100,75,approve,751.4571670035366,True,
anvil,25795072,100,75,transfer,523.5463340068236,True,
anvil,25795072,100,75,transfer,1689.3321669922443,True,
anvil,25795072,100,75,discard,7.265708001796156,True,
anvil,25795072,100,76,acquire,5450.625375000527,True,
anvil,25795072,100,76,set_balance,147.30670899734832,True,
anvil,25795072,100,76,swap_eth_for_token,2907.6002500078175,True,
anvil,25795072,100,76,fund_token,5.769249997683801,True,
anvil,25795072,100,76,swap_eth_for_token,282.7784580003936,True,
anvil,25795072,100,76,fund_token,1.6830000095069408,True,
anvil,25795072,100,76,swap_eth_for_token,269.50558299722616,True,
anvil,25795072,100,76,discard,3.696416999446228,True,
anvil,25795072,100,77,acquire,5505.030416999944,True,
anvil,25795072,100,77,set_balance,146.53862500563264,True,
anvil,25795072,100,77,swap_eth_for_token,3768.290792009793,True,
anvil,25795072,100,77,get_balance,5.854209011886269,True,
anvil,25795072,100,77,get_balance,6.026250004651956,True,
anvil,25795072,100,77,swap_eth_for_token,278.5008330101846,True,
anvil,25795072,100,77,get_balance,3.3801670069806278,True,
anvil,25795072,100,77,discard,4.65579199953936,True,
anvil,25795072,100,78,acquire,5487.784249999095,True,
anvil,25795072,100,78,set_balance,147.23016700008884,True,
anvil,25795072,100,78,get_balance,5.437542000436224,True,
anvil,25795072,100,78,swap_eth_for_token,3754.445875005331,True,
anvil,25795072,100,78,fund_token,0.6651669973507524,True,
anvil,25795072,100,78,get_balance,4.068666996317916,True,
anvil,25795072,100,78,get_balance,5.302749996189959,True,
anvil,25795072,100,78,discard,9.253750002244487,True,
anvil,25795072,100,79,acquire,3617.549415997928,True,
anvil,25795072,100,79,set_balance,147.80520799104124,True,
anvil,25795072,100,79,get_balance,10.648542011040263,True,
anvil,25795072,100,79,swap_eth_for_token,4892.454333996284,True,
anvil,25795072,100,79,get_balance,3.006583996466361,True,
anvil,25795072,100,79,fund_token,1.8313750042580068,True,
anvil,25795072,100,79,transfer,497.8861669951584,True,
anvil,25795072,100,79,discard,5.613749992335215,True,
anvil,25795072,100,80,acquire,4654.695542005356,True,
anvil,25795072,100,80,set_balance,148.9592919970164,True,
anvil,25795072,100,80,swap_eth_for_token,4704.801165993558,True,
anvil,25795072,100,80,fund_token,0.8521669951733202,True,
anvil,25795072,100,80,swap_eth_for_token,257.0566670037806,True,
anvil,25795072,100,80,swap_eth_for_token,250.4789999948116,True,
anvil,25795072,100,80,approve,493.16137499408796,True,
anvil,25795072,100,80,discard,4.5548750058515,True,
anvil,25795072,100,81,acquire,5479.717374997563,True,
anvil,25795072,100,81,set_balance,152.19716700084973,True,
anvil,25795072,100,81,fund_token,148.60112500900868,True,
anvil,25795072,100,81,approve,755.5186249956023,True,
anvil,25795072,100,81,transfer,513.5980829945765,True,
anvil,25795072,100,81,get_balance,6.334958001389168,True,
anvil,25795072,100,81,swap_token_for_token,3184.9823749944335,True,
anvil,25795072,100,81,discard,4.561249996186234,True,
anvil,25795072,100,82,acquire,3582.1757079975214,True,
anvil,25795072,100,82,set_balance,141.88912500685547,True,
anvil,25795072,100,82,get_balance,2.681040990864858,True,
anvil,25795072,100,82,swap_eth_for_token,4951.114416995551,True,
anvil,25795072,100,82,get_balance,19.883749992004596,True,
anvil,25795072,100,82,get_balance,20.40850000048522,True,
anvil,25795072,100,82,fund_token,7.258790996274911,True,
anvil,25795072,100,82,discard,8.924583002226427,True,
anvil,25795072,100,83,acquire,6726.152832998196,True,
anvil,25795072,100,83,set_balance,145.48895899497438,True,
anvil,25795072,100,83,fund_token,155.67100000043865,True,
anvil,25795072,100,83,transfer,1904.037124986644,True,
anvil,25795072,100,83,fund_token,4.032166994875297,True,
anvil,25795072,100,83,transfer,520.7339999906253,True,
anvil,25795072,100,83,get_balance,2.3486249992856756,True,
anvil,25795072,100,83,discard,4.73654099914711,True,
anvil,25795072,100,84,acquire,3581.6667079925537,True,
anvil,25795072,100,84,set_balance,148.8823749969015,True,
anvil,25795072,100,84,swap_eth_for_token,4957.297374989139,True,
anvil,25795072,100,84,fund_token,13.45558300090488,True,
anvil,25795072,100,84,approve,535.2850839990424,True,
anvil,25795072,100,84,fund_token,0.5122080037835985,True,
anvil,25795072,100,84,approve,262.5466249883175,True,
anvil,25795072,100,84,discard,1.6575829940848053,True,
anvil,25795072,100,85,acquire,3573.701917004655,True,
anvil,25795072,100,85,set_balance,141.79041699389927,True,
anvil,25795072,100,85,get_balance,8.107708999887109,True,
anvil,25795072,100,85,swap_eth_for_token,4928.708791994723,True,
anvil,25795072,100,85,get_balance,11.68641600816045,True,
anvil,25795072,100,85,swap_eth_for_token,307.620624997071,True,
anvil,25795072,100,85,fund_token,8.991332986624911,True,
anvil,25795072,100,85,discard,6.815374988946132,True,
anvil,25795072,100,86,acquire,6717.072542000096,True,
anvil,25795072,100,86,set_balance,146.6137079987675,True,
anvil,25795072,100,86,transfer,1777.3270420002518,True,
anvil,25795072,100,86,transfer,534.5457910007099,True,
anvil,25795072,100,86,swap_eth_for_token,2253.4797500120476,True,
anvil,25795072,100,86,transfer,519.6844159945613,True,
anvil,25795072,100,86,fund_token,1.0895000013988465,True,
anvil,25795072,100,86,discard,4.166750004515052,True,
anvil,25795072,100,87,acquire,3582.031540994649,True,
anvil,25795072,100,87,set_balance,140.0174999871524,True,
anvil,25795072,100,87,get_balance,10.374125005910173,True,
anvil,25795072,100,87,transfer,767.539291002322,True,
anvil,25795072,100,87,swap_eth_for_token,2146.7758750077337,True,
anvil,25795072,100,87,transfer,503.1680420070188,True,
anvil,25795072,100,87,transfer,501.99450000945944,True,
anvil,25795072,100,87,discard,4.599166990374215,True,
anvil,25795072,100,88,acquire,3610.987791995285,True,
anvil,25795072,100,88,set_balance,145.03912499640137,True,
anvil,25795072,100,88,fund_token,158.09420800360385,True,
anvil,25795072,100,88,swap_eth_for_token,4429.469292008434,True,
anvil,25795072,100,88,transfer,520.065834003617,True,
anvil,25795072,100,88,swap_eth_for_token,265.6680410000263,True,
anvil,25795072,100,88,get_balance,2.982958991196938,True,
anvil,25795072,100,88,discard,4.5371250016614795,True,
anvil,25795072,100,89,acquire,3398.6240419908427,True,
anvil,25795072,100,89,set_balance,1331.546541012358,True,
anvil,25795072,100,89,transfer,1926.7105409962824,True,
anvil,25795072,100,89,get_balance,2.142208002624102,True,
anvil,25795072,100,89,transfer,500.712167005986,True,
anvil,25795072,100,89,fund_token,141.81245799409226,True,
anvil,25795072,100,89,get_balance,2.777540998067707,True,
anvil,25795072,100,89,discard,4.373582996777259,True,
anvil,25795072,100,90,acquire,5676.00662499899,True,
anvil,25795072,100,90,set_balance,140.51154200569727,True,
anvil,25795072,100,90,get_balance,2.05816600646358,True,
anvil,25795072,100,90,fund_token,143.57712501077913,True,
anvil,25795072,100,90,swap_eth_for_token,3367.0873750088504,True,
anvil,25795072,100,90,approve,509.0623339929152,True,
anvil,25795072,100,90,fund_token,1.8195000011473894,True,
anvil,25795072,100,90,discard,8.366124995518476,True,
anvil,25795072,100,91,acquire,4632.058249990223,True,
anvil,25795072,100,91,set_balance,153.51737500168383,True,
anvil,25795072,100,91,transfer,1796.1497920041438,True,
anvil,25795072,100,91,get_balance,6.299000000581145,True,
anvil,25795072,100,91,fund_token,155.41824999672826,True,
anvil,25795072,100,91,fund_token,0.6747500010533258,True,
anvil,25795072,100,91,swap_eth_for_token,3152.369708986953,True,
anvil,25795072,100,91,discard,2.2877089941175655,True,
anvil,25795072,100,92,acquire,6705.566083008307,True,
anvil,25795072,100,92,set_balance,146.19416699861176,True,
anvil,25795072,100,92,fund_token,143.8292920065578,True,
anvil,25795072,100,92,transfer,1937.4644580093445,True,
anvil,25795072,100,92,get_balance,27.92612499615643,True,
anvil,25795072,100,92,approve,538.566000002902,True,
anvil,25795072,100,92,transfer,498.00820800010115,True,
anvil,25795072,100,92,discard,1.5212919970508665,True,
anvil,25795072,100,93,acquire,4831.378749993746,True,
anvil,25795072,100,93,set_balance,142.47958299529273,True,
anvil,25795072,100,93,fund_token,1281.214832997648,True,
anvil,25795072,100,93,transfer,742.4670420004986,True,
anvil,25795072,100,93,swap_eth_for_token,3130.006457999116,True,
anvil,25795072,100,93,get_balance,2.965207997476682,True,
anvil,25795072,100,93,transfer,500.26329200773034,True,
anvil,25795072,100,93,discard,4.663500003516674,True,
anvil,25795072,100,94,acquire,6733.674417002476,True,
anvil,25795072,100,94,set_balance,156.25174999877345,True,
anvil,25795072,100,94,get_balance,10.1859999995213,True,
anvil,25795072,100,94,swap_eth_for_token,3699.99654199637,True,
anvil,25795072,100,94,fund_token,1.3705829915124923,True,
anvil,25795072,100,94,fund_token,1.293584005907178,True,
anvil,25795072,100,94,swap_eth_for_token,260.7680000073742,True,
anvil,25795072,100,94,discard,4.687250009737909,True,
anvil,25795072,100,95,acquire,5670.780209009536,True,
anvil,25795072,100,95,set_balance,136.22050000412855,True,
anvil,25795072,100,95,get_balance,3.5860420030076057,True,
anvil,25795072,100,95,transfer,747.4887080024928,True,
anvil,25795072,100,95,transfer,527.0272920024581,True,
anvil,25795072,100,95,swap_eth_for_token,2268.401791996439,True,
anvil,25795072,100,95,transfer,504.1380410111742,True,
anvil,25795072,100,95,discard,2.507749988581054,True,
anvil,25795072,100,96,acquire,6748.212541991961,True,
anvil,25795072,100,96,set_balance,142.16683400445618,True,
anvil,25795072,100,96,swap_eth_for_token,2647.0074160024524,True,
anvil,25795072,100,96,fund_token,3.738625004189089,True,
anvil,25795072,100,96,transfer,511.7500000051223,True,
anvil,25795072,100,96,transfer,502.8641249955399,True,
anvil,25795072,100,96,get_balance,3.2748340017860755,True,
anvil,25795072,100,96,discard,4.005583003163338,True,
anvil,25795072,100,97,acquire,6712.995041991235,True,
anvil,25795072,100,97,set_balance,146.36766699550208,True,
anvil,25795072,100,97,get_balance,1.4488330052699894,True,
anvil,25795072,100,97,swap_eth_for_token,2544.2889160040068,True,
anvil,25795072,100,97,transfer,508.9543749927543,True,
anvil,25795072,100,97,transfer,507.7759169944329,True,
anvil,25795072,100,97,swap_eth_for_token,263.313334013219,True,
anvil,25795072,100,97,discard,4.580416003591381,True,
anvil,25795072,100,98,acquire,6686.741166995489,True,
anvil,25795072,100,98,set_balance,143.11304199509323,True,
anvil,25795072,100,98,swap_eth_for_token,3777.769416992669,True,
anvil,25795072,100,98,swap_eth_for_token,257.0229999982985,True,
anvil,25795072,100,98,transfer,519.3270000017947,True,
anvil,25795072,100,98,swap_eth_for_token,264.92133300052956,True,
anvil,25795072,100,98,fund_token,2.1587090013781562,True,
anvil,25795072,100,98,discard,4.626166992238723,True,
anvil,25795072,100,99,acquire,6712.224959002924,True,
anvil,25795072,100,99,set_balance,144.05645900114905,True,
anvil,25795072,100,99,fund_token,151.28270800050814,True,
anvil,25795072,100,99,get_balance,1.392083999235183,True,
anvil,25795072,100,99,get_balance,1.3900420017307624,True,
anvil,25795072,100,99,get_balance,1.2912090023746714,True,
anvil,25795072,100,99,swap_eth_for_token,2289.9017089948757,True,
anvil,25795072,100,99,discard,6.33733399445191,True,
anvil,25795072,100,-1,__total__,12430.387625005096,True,
