backend,arrival_rate,agent_id,arrival_s,time_to_first_success_ms,ok,error
forkyard,1.0,0,3.764433,620.815,True,
forkyard,1.0,1,4.829884,322.779,True,
forkyard,1.0,2,5.133089,318.824,True,
forkyard,1.0,3,5.411412,307.388,True,
forkyard,1.0,4,5.496089,339.083,True,
forkyard,1.0,5,6.273109,312.811,True,
forkyard,1.0,6,6.569557,317.147,True,
forkyard,1.0,7,6.862169,389.05,True,
forkyard,1.0,8,8.437008,388.84,True,
forkyard,1.0,9,9.536041,340.612,True,
forkyard,1.0,10,12.260942,385.168,True,
forkyard,1.0,11,12.677517,340.589,True,
forkyard,1.0,12,13.064507,305.343,True,
forkyard,1.0,13,14.766551,349.694,True,
forkyard,1.0,14,17.826921,321.609,True,
forkyard,1.0,15,17.884434,379.732,True,
forkyard,1.0,16,19.450644,2748.991,True,
anvil,1.0,0,3.764433,2079.903,True,
anvil,1.0,1,4.829884,2499.262,True,
anvil,1.0,2,5.133089,2808.564,True,
anvil,1.0,3,5.411412,2533.225,True,
anvil,1.0,4,5.496089,2863.56,True,
anvil,1.0,5,6.273109,2332.126,True,
anvil,1.0,6,6.569557,2445.043,True,
anvil,1.0,7,6.862169,2020.96,True,
anvil,1.0,8,8.437008,1759.819,True,
anvil,1.0,9,9.536041,1976.142,True,
anvil,1.0,10,12.260942,1857.312,True,
anvil,1.0,11,12.677517,2085.001,True,
anvil,1.0,12,13.064507,1822.292,True,
anvil,1.0,13,14.766551,1990.235,True,
anvil,1.0,14,17.826921,1788.327,True,
anvil,1.0,15,17.884434,2001.096,True,
anvil,1.0,16,19.450644,1741.278,True,
forkyard,5.0,0,0.065273,601.398,True,
forkyard,5.0,1,0.103087,562.017,True,
forkyard,5.0,2,0.129471,533.895,True,
forkyard,5.0,3,0.19126,474.778,True,
forkyard,5.0,4,0.265105,559.917,True,
forkyard,5.0,5,0.334782,648.54,True,
forkyard,5.0,6,0.887186,312.9,True,
forkyard,5.0,7,0.958225,359.273,True,
forkyard,5.0,8,1.083225,385.713,True,
forkyard,5.0,9,1.518245,342.355,True,
forkyard,5.0,10,1.559104,309.75,True,
forkyard,5.0,11,1.596576,408.953,True,
forkyard,5.0,12,1.606637,400.706,True,
forkyard,5.0,13,2.405716,337.57,True,
forkyard,5.0,14,2.624515,321.911,True,
forkyard,5.0,15,3.155672,404.02,True,
forkyard,5.0,16,3.286769,324.577,True,
forkyard,5.0,17,3.316034,306.905,True,
forkyard,5.0,18,3.347319,306.208,True,
forkyard,5.0,19,3.830389,319.034,True,
forkyard,5.0,20,4.496227,343.422,True,
forkyard,5.0,21,4.741105,425.664,True,
forkyard,5.0,22,4.753167,414.392,True,
forkyard,5.0,23,4.836712,333.155,True,
forkyard,5.0,24,4.840189,329.243,True,
forkyard,5.0,25,5.135745,398.589,True,
forkyard,5.0,26,5.142029,394.044,True,
forkyard,5.0,27,6.388478,321.622,True,
forkyard,5.0,28,6.925253,315.89,True,
forkyard,5.0,29,7.388089,368.36,True,
forkyard,5.0,30,7.454429,326.858,True,
forkyard,5.0,31,7.509469,304.276,True,
forkyard,5.0,32,7.670167,318.033,True,
forkyard,5.0,33,7.817419,324.9,True,
forkyard,5.0,34,7.949417,326.243,True,
forkyard,5.0,35,8.281504,386.518,True,
forkyard,5.0,36,8.377824,314.186,True,
forkyard,5.0,37,8.408049,762.293,True,
forkyard,5.0,38,8.41376,391.844,True,
forkyard,5.0,39,8.516961,527.195,True,
forkyard,5.0,40,8.626785,418.376,True,
forkyard,5.0,41,8.630821,540.192,True,
forkyard,5.0,42,8.800172,396.571,True,
forkyard,5.0,43,9.003221,345.367,True,
forkyard,5.0,44,9.517294,352.11,True,
forkyard,5.0,45,9.540771,334.286,True,
forkyard,5.0,46,9.674819,417.531,True,
forkyard,5.0,47,9.924532,325.796,True,
forkyard,5.0,48,9.976599,426.03,True,
forkyard,5.0,49,10.008501,381.705,True,
forkyard,5.0,50,10.208584,397.836,True,
forkyard,5.0,51,10.891773,399.46,True,
forkyard,5.0,52,10.932523,363.617,True,
forkyard,5.0,53,10.981252,321.115,True,
forkyard,5.0,54,11.264347,555.069,True,
forkyard,5.0,55,11.496216,541.898,True,
forkyard,5.0,56,11.590416,376.328,True,
forkyard,5.0,57,11.676239,308.762,True,
forkyard,5.0,58,11.75622,438.76,True,
forkyard,5.0,59,11.963561,399.995,True,
forkyard,5.0,60,12.001397,361.859,True,
forkyard,5.0,61,12.192,331.055,True,
forkyard,5.0,62,12.336607,371.343,True,
forkyard,5.0,63,12.373645,335.184,True,
forkyard,5.0,64,12.568778,319.112,True,
forkyard,5.0,65,12.891837,337.708,True,
forkyard,5.0,66,12.959148,310.892,True,
forkyard,5.0,67,13.303769,322.071,True,
forkyard,5.0,68,13.847011,323.376,True,
forkyard,5.0,69,15.480965,381.019,True,
forkyard,5.0,70,15.653441,368.357,True,
forkyard,5.0,71,16.055056,321.277,True,
forkyard,5.0,72,16.838022,356.324,True,
forkyard,5.0,73,16.938102,319.655,True,
forkyard,5.0,74,17.237964,352.656,True,
forkyard,5.0,75,17.650116,334.733,True,
forkyard,5.0,76,17.965811,339.726,True,
forkyard,5.0,77,18.120112,355.798,True,
forkyard,5.0,78,18.189587,308.827,True,
forkyard,5.0,79,18.245434,380.124,True,
forkyard,5.0,80,18.441581,328.029,True,
forkyard,5.0,81,18.874169,325.605,True,
forkyard,5.0,82,19.311785,2832.094,True,
forkyard,5.0,83,19.671322,2472.278,True,
anvil,5.0,0,0.065273,1732.312,True,
anvil,5.0,1,0.103087,1940.495,True,
anvil,5.0,2,0.129471,2060.453,True,
anvil,5.0,3,0.19126,1733.167,True,
anvil,5.0,4,0.265105,1777.706,True,
anvil,5.0,5,0.334782,1855.555,True,
anvil,5.0,6,0.887186,1966.364,True,
anvil,5.0,7,0.958225,1947.338,True,
anvil,5.0,8,1.083225,1769.413,True,
anvil,5.0,9,1.518245,1850.834,True,
anvil,5.0,10,1.559104,2086.6,True,
anvil,5.0,11,1.596576,1772.262,True,
anvil,5.0,12,1.606637,2045.283,True,
anvil,5.0,13,2.405716,1724.896,True,
anvil,5.0,14,2.624515,1790.83,True,
anvil,5.0,15,3.155672,1785.789,True,
anvil,5.0,16,3.286769,1820.369,True,
anvil,5.0,17,3.316034,1770.046,True,
anvil,5.0,18,3.347319,1738.151,True,
anvil,5.0,19,3.830389,1777.302,True,
anvil,5.0,20,4.496227,1892.345,True,
anvil,5.0,21,4.741105,1773.076,True,
anvil,5.0,22,4.753167,2014.706,True,
anvil,5.0,23,4.836712,2076.309,True,
anvil,5.0,24,4.840189,2073.522,True,
anvil,5.0,25,5.135745,2300.057,True,
anvil,5.0,26,5.142029,2419.108,True,
anvil,5.0,27,6.388478,1942.76,True,
anvil,5.0,28,6.925253,1960.885,True,
anvil,5.0,29,7.388089,4475.444,True,
anvil,5.0,30,7.454429,3402.383,True,
anvil,5.0,31,7.509469,4654.551,True,
anvil,5.0,32,7.670167,4611.772,True,
anvil,5.0,33,7.817419,5072.382,True,
anvil,5.0,34,7.949417,6165.112,True,
anvil,5.0,35,8.281504,3475.127,True,
anvil,5.0,36,8.377824,2575.179,True,
anvil,5.0,37,8.408049,3524.748,True,
anvil,5.0,38,8.41376,2178.231,True,
anvil,5.0,39,8.516961,3759.654,True,
anvil,5.0,40,8.626785,2357.592,True,
anvil,5.0,41,8.630821,3368.417,True,
anvil,5.0,42,8.800172,3129.265,True,
anvil,5.0,43,9.003221,1972.925,True,
anvil,5.0,44,9.517294,4421.699,True,
anvil,5.0,45,9.540771,2848.704,True,
anvil,5.0,46,9.674819,3404.607,True,
anvil,5.0,47,9.924532,1834.296,True,
anvil,5.0,48,9.976599,1779.805,True,
anvil,5.0,49,10.008501,3037.619,True,
anvil,5.0,50,10.208584,2145.465,True,
anvil,5.0,51,10.891773,1938.723,True,
anvil,5.0,52,10.932523,2018.468,True,
anvil,5.0,53,10.981252,1828.938,True,
anvil,5.0,54,11.264347,1802.907,True,
anvil,5.0,55,11.496216,1969.578,True,
anvil,5.0,56,11.590416,1984.84,True,
anvil,5.0,57,11.676239,1797.829,True,
anvil,5.0,58,11.75622,1995.003,True,
anvil,5.0,59,11.963561,2155.954,True,
anvil,5.0,60,12.001397,1970.584,True,
anvil,5.0,61,12.192,1805.57,True,
anvil,5.0,62,12.336607,1769.036,True,
anvil,5.0,63,12.373645,1875.654,True,
anvil,5.0,64,12.568778,1815.897,True,
anvil,5.0,65,12.891837,1734.172,True,
anvil,5.0,66,12.959148,1948.045,True,
anvil,5.0,67,13.303769,1731.271,True,
anvil,5.0,68,13.847011,1828.727,True,
anvil,5.0,69,15.480965,2050.403,True,
anvil,5.0,70,15.653441,2007.624,True,
anvil,5.0,71,16.055056,2002.43,True,
anvil,5.0,72,16.838022,1741.036,True,
anvil,5.0,73,16.938102,1779.182,True,
anvil,5.0,74,17.237964,1755.296,True,
anvil,5.0,75,17.650116,1842.085,True,
anvil,5.0,76,17.965811,1820.146,True,
anvil,5.0,77,18.120112,1746.431,True,
anvil,5.0,78,18.189587,1956.486,True,
anvil,5.0,79,18.245434,1916.759,True,
anvil,5.0,80,18.441581,2230.156,True,
anvil,5.0,81,18.874169,1806.553,True,
anvil,5.0,82,19.311785,1752.707,True,
anvil,5.0,83,19.671322,1759.674,True,
forkyard,20.0,0,0.041088,634.881,True,
forkyard,20.0,1,0.07209,609.431,True,
forkyard,20.0,2,0.225891,456.619,True,
forkyard,20.0,3,0.277284,410.162,True,
forkyard,20.0,4,0.384376,1336.987,True,
forkyard,20.0,5,0.441413,1189.325,True,
forkyard,20.0,6,0.505312,997.707,True,
forkyard,20.0,7,0.518979,696.135,True,
forkyard,20.0,8,0.574732,1143.043,True,
forkyard,20.0,9,0.630513,994.615,True,
forkyard,20.0,10,0.683892,815.887,True,
forkyard,20.0,11,0.700883,1030.044,True,
forkyard,20.0,12,0.745516,1394.53,True,
forkyard,20.0,13,0.903636,1475.248,True,
forkyard,20.0,14,0.992265,1160.573,True,
forkyard,20.0,15,0.993163,1241.442,True,
forkyard,20.0,16,1.013782,1976.473,True,
forkyard,20.0,17,1.019253,1355.431,True,
forkyard,20.0,18,1.021709,2113.761,True,
forkyard,20.0,19,1.029302,1357.535,True,
forkyard,20.0,20,1.185992,1809.501,True,
forkyard,20.0,21,1.30274,2145.087,True,
forkyard,20.0,22,1.352241,1783.589,True,
forkyard,20.0,23,1.406127,1583.572,True,
forkyard,20.0,24,1.453152,2380.634,True,
forkyard,20.0,25,1.477773,1968.311,True,
forkyard,20.0,26,1.481532,1979.948,True,
forkyard,20.0,27,1.779132,2344.201,True,
forkyard,20.0,28,1.788625,2908.798,True,
forkyard,20.0,29,1.821588,3088.189,True,
forkyard,20.0,30,1.8709,2755.951,True,
forkyard,20.0,31,1.889125,2240.613,True,
forkyard,20.0,32,1.966617,2727.793,True,
forkyard,20.0,33,1.983711,2785.298,True,
forkyard,20.0,34,2.010794,2617.447,True,
forkyard,20.0,35,2.041958,2734.794,True,
forkyard,20.0,36,2.07932,2618.246,True,
forkyard,20.0,37,2.100627,2810.853,True,
forkyard,20.0,38,2.142603,2485.505,True,
forkyard,20.0,39,2.177563,2328.832,True,
forkyard,20.0,40,2.226769,3974.944,True,
forkyard,20.0,41,2.382197,3007.421,True,
forkyard,20.0,42,2.404707,3648.831,True,
forkyard,20.0,43,2.421587,3561.86,True,
forkyard,20.0,44,2.425767,3279.6,True,
forkyard,20.0,45,2.43533,3909.942,True,
forkyard,20.0,46,2.483022,3572.576,True,
forkyard,20.0,47,2.491091,3487.907,True,
forkyard,20.0,48,2.557417,3146.217,True,
forkyard,20.0,49,2.621982,4149.484,True,
forkyard,20.0,50,2.632749,3704.66,True,
forkyard,20.0,51,2.795097,2880.409,True,
forkyard,20.0,52,2.828712,3379.571,True,
forkyard,20.0,53,2.831826,3940.932,True,
forkyard,20.0,54,2.990086,3195.192,True,
forkyard,20.0,55,2.993146,3446.919,True,
forkyard,20.0,56,3.022602,3943.579,True,
forkyard,20.0,57,3.110695,3664.324,True,
forkyard,20.0,58,3.148461,4519.486,True,
forkyard,20.0,59,3.263389,3742.975,True,
forkyard,20.0,60,3.315108,3960.036,True,
forkyard,20.0,61,3.332087,3638.468,True,
forkyard,20.0,62,3.332681,3906.924,True,
forkyard,20.0,63,3.353928,4300.704,True,
forkyard,20.0,64,3.377241,3886.415,True,
forkyard,20.0,65,3.428317,3685.971,True,
forkyard,20.0,66,3.578162,4086.913,True,
forkyard,20.0,67,3.609022,4033.381,True,
forkyard,20.0,68,3.659012,4131.93,True,
forkyard,20.0,69,3.762139,4539.664,True,
forkyard,20.0,70,3.771684,4029.265,True,
forkyard,20.0,71,3.859576,4059.507,True,
forkyard,20.0,72,3.889462,4657.779,True,
forkyard,20.0,73,3.981924,4324.975,True,
forkyard,20.0,74,3.984177,4168.419,True,
forkyard,20.0,75,4.019295,3769.322,True,
forkyard,20.0,76,4.220954,4337.022,True,
forkyard,20.0,77,4.300917,4253.037,True,
forkyard,20.0,78,4.302363,3706.081,True,
forkyard,20.0,79,4.342506,3566.789,True,
forkyard,20.0,80,4.395964,4594.717,True,
forkyard,20.0,81,4.417413,4254.029,True,
forkyard,20.0,82,4.448063,4105.662,True,
forkyard,20.0,83,4.457841,3722.115,True,
forkyard,20.0,84,4.509114,4478.281,True,
forkyard,20.0,85,4.633918,3920.266,True,
forkyard,20.0,86,4.709207,4659.397,True,
forkyard,20.0,87,4.777837,4209.173,True,
forkyard,20.0,88,4.828488,4805.462,True,
forkyard,20.0,89,4.846528,4362.105,True,
forkyard,20.0,90,4.934138,4705.113,True,
forkyard,20.0,91,4.969575,4389.498,True,
forkyard,20.0,92,5.022488,4611.702,True,
forkyard,20.0,93,5.058327,4858.221,True,
forkyard,20.0,94,5.089377,4830.962,True,
forkyard,20.0,95,5.168966,4201.051,True,
forkyard,20.0,96,5.17081,4954.673,True,
forkyard,20.0,97,5.281844,4981.101,True,
forkyard,20.0,98,5.353063,4579.921,True,
forkyard,20.0,99,5.514152,3857.843,True,
forkyard,20.0,100,5.555412,4560.185,True,
forkyard,20.0,101,5.704488,4690.843,True,
forkyard,20.0,102,5.77769,4344.214,True,
forkyard,20.0,103,5.789314,3691.767,True,
forkyard,20.0,104,5.789542,4894.544,True,
forkyard,20.0,105,5.833703,4566.408,True,
forkyard,20.0,106,5.962175,4579.481,True,
forkyard,20.0,107,5.976576,4707.11,True,
forkyard,20.0,108,5.997528,4978.533,True,
forkyard,20.0,109,6.023923,4953.84,True,
forkyard,20.0,110,6.195981,4489.178,True,
forkyard,20.0,111,6.203325,4482.133,True,
forkyard,20.0,112,6.214706,4952.69,True,
forkyard,20.0,113,6.311123,5659.578,True,
forkyard,20.0,114,6.345469,4630.48,True,
forkyard,20.0,115,6.356836,4463.983,True,
forkyard,20.0,116,6.372769,5056.405,True,
forkyard,20.0,117,6.560069,5411.146,True,
forkyard,20.0,118,6.589796,4847.022,True,
forkyard,20.0,119,6.801565,4015.25,True,
forkyard,20.0,120,6.857577,5647.086,True,
forkyard,20.0,121,6.899371,5073.682,True,
forkyard,20.0,122,6.90406,5098.459,True,
forkyard,20.0,123,6.921914,5313.225,True,
forkyard,20.0,124,6.956886,6039.945,True,
forkyard,20.0,125,6.966626,5417.703,True,
forkyard,20.0,126,6.978825,5376.256,True,
forkyard,20.0,127,6.999526,5237.977,True,
forkyard,20.0,128,7.076063,5921.728,True,
forkyard,20.0,129,7.151172,5088.862,True,
forkyard,20.0,130,7.236126,5410.934,True,
forkyard,20.0,131,7.300154,5208.144,True,
forkyard,20.0,132,7.359278,5642.719,True,
forkyard,20.0,133,7.429275,5852.989,True,
forkyard,20.0,134,7.502912,5358.935,True,
forkyard,20.0,135,7.635582,4869.798,True,
forkyard,20.0,136,7.641208,5791.551,True,
forkyard,20.0,137,7.646619,5782.918,True,
forkyard,20.0,138,7.649374,4856.408,True,
forkyard,20.0,139,7.749875,5555.367,True,
forkyard,20.0,140,7.768477,5661.452,True,
forkyard,20.0,141,7.768831,5690.732,True,
forkyard,20.0,142,7.769025,4739.447,True,
forkyard,20.0,143,7.83258,5601.665,True,
forkyard,20.0,144,7.885405,5897.997,True,
forkyard,20.0,145,7.886729,5666.79,True,
forkyard,20.0,146,7.941899,5513.726,True,
forkyard,20.0,147,7.972051,5628.934,True,
forkyard,20.0,148,8.110259,5673.448,True,
forkyard,20.0,149,8.149448,5774.857,True,
forkyard,20.0,150,8.316103,5751.334,True,
forkyard,20.0,151,8.422973,5929.091,True,
forkyard,20.0,152,8.649212,4946.779,True,
forkyard,20.0,153,8.664039,5690.462,True,
forkyard,20.0,154,8.675289,5255.4,True,
forkyard,20.0,155,8.703305,6138.016,True,
forkyard,20.0,156,8.744418,6247.642,True,
forkyard,20.0,157,8.829632,5526.623,True,
forkyard,20.0,158,8.849985,5982.786,True,
forkyard,20.0,159,8.910494,4678.14,True,
forkyard,20.0,160,8.913584,6439.413,True,
forkyard,20.0,161,8.934532,6196.004,True,
forkyard,20.0,162,9.045496,5565.735,True,
forkyard,20.0,163,9.074019,5926.922,True,
forkyard,20.0,164,9.098337,6253.131,True,
forkyard,20.0,165,9.102888,6397.433,True,
forkyard,20.0,166,9.288617,5837.411,True,
forkyard,20.0,167,9.297577,5703.097,True,
forkyard,20.0,168,9.319448,6031.446,True,
forkyard,20.0,169,9.541415,5589.395,True,
forkyard,20.0,170,9.543744,5956.446,True,
forkyard,20.0,171,9.6278,5635.561,True,
forkyard,20.0,172,9.668439,5684.423,True,
forkyard,20.0,173,9.741327,5762.498,True,
forkyard,20.0,174,9.770711,5896.203,True,
forkyard,20.0,175,9.808566,5458.862,True,
forkyard,20.0,176,9.812011,6748.666,True,
forkyard,20.0,177,9.835447,6034.974,True,
forkyard,20.0,178,9.869865,5768.385,True,
forkyard,20.0,179,9.876657,6022.527,True,
forkyard,20.0,180,9.883536,7326.003,True,
forkyard,20.0,181,10.068624,6525.169,True,
forkyard,20.0,182,10.423875,6776.486,True,
forkyard,20.0,183,10.433979,6132.788,True,
forkyard,20.0,184,10.514243,6560.62,True,
forkyard,20.0,185,10.717922,6501.063,True,
forkyard,20.0,186,10.72059,6483.908,True,
forkyard,20.0,187,10.831607,5879.268,True,
forkyard,20.0,188,10.8922,6320.014,True,
forkyard,20.0,189,10.902159,6680.736,True,
forkyard,20.0,190,10.975132,6108.216,True,
forkyard,20.0,191,11.018661,6187.325,True,
forkyard,20.0,192,11.022219,6053.702,True,
forkyard,20.0,193,11.039965,6446.495,True,
forkyard,20.0,194,11.13787,5935.928,True,
forkyard,20.0,195,11.141471,6743.73,True,
forkyard,20.0,196,11.190156,6826.305,True,
forkyard,20.0,197,11.245315,5578.583,True,
forkyard,20.0,198,11.261221,6073.883,True,
forkyard,20.0,199,11.286468,5421.759,True,
forkyard,20.0,200,11.439787,6962.441,True,
forkyard,20.0,201,11.521458,6730.069,True,
forkyard,20.0,202,11.567895,6426.862,True,
forkyard,20.0,203,11.612429,6918.994,True,
forkyard,20.0,204,11.633546,6518.31,True,
forkyard,20.0,205,11.652788,7025.986,True,
forkyard,20.0,206,11.655428,6502.596,True,
forkyard,20.0,207,11.663791,6488.796,True,
forkyard,20.0,208,11.690247,6850.486,True,
forkyard,20.0,209,11.737621,6941.478,True,
forkyard,20.0,210,11.794394,6326.692,True,
forkyard,20.0,211,11.869693,6255.38,True,
forkyard,20.0,212,11.921734,7119.549,True,
forkyard,20.0,213,11.928863,6562.336,True,
forkyard,20.0,214,11.975798,6709.586,True,
forkyard,20.0,215,12.033232,6369.837,True,
forkyard,20.0,216,12.057934,8009.059,True,
forkyard,20.0,217,12.159493,6896.224,True,
forkyard,20.0,218,12.207663,6616.352,True,
forkyard,20.0,219,12.24985,7816.467,True,
forkyard,20.0,220,12.269819,6767.785,True,
forkyard,20.0,221,12.276417,7446.845,True,
forkyard,20.0,222,12.457482,7137.043,True,
forkyard,20.0,223,12.53492,7152.086,True,
forkyard,20.0,224,12.611209,7601.176,True,
forkyard,20.0,225,12.64667,7041.304,True,
forkyard,20.0,226,12.66519,7692.568,True,
forkyard,20.0,227,12.708537,6877.958,True,
forkyard,20.0,228,12.760705,7862.064,True,
forkyard,20.0,229,12.776986,7729.242,True,
forkyard,20.0,230,12.784857,7316.585,True,
forkyard,20.0,231,12.82369,6769.627,True,
forkyard,20.0,232,12.824227,7687.692,True,
forkyard,20.0,233,12.848994,7123.759,True,
forkyard,20.0,234,12.854201,7040.291,True,
forkyard,20.0,235,12.899969,7866.23,True,
forkyard,20.0,236,12.902774,7607.159,True,
forkyard,20.0,237,12.997384,6978.503,True,
forkyard,20.0,238,13.072333,7840.3,True,
forkyard,20.0,239,13.07858,6808.049,True,
forkyard,20.0,240,13.094943,8025.18,True,
forkyard,20.0,241,13.113692,7397.416,True,
forkyard,20.0,242,13.328353,7419.067,True,
forkyard,20.0,243,13.341815,7678.169,True,
forkyard,20.0,244,13.357464,8276.386,True,
forkyard,20.0,245,13.365455,8301.746,True,
forkyard,20.0,246,13.390646,7924.241,True,
forkyard,20.0,247,13.395062,7744.14,True,
forkyard,20.0,248,13.412296,9275.541,True,
forkyard,20.0,249,13.422869,8745.688,True,
forkyard,20.0,250,13.426249,9411.891,True,
forkyard,20.0,251,13.628369,8303.027,True,
forkyard,20.0,252,13.629245,7682.559,True,
forkyard,20.0,253,13.78882,8377.807,True,
forkyard,20.0,254,13.79239,8000.533,True,
forkyard,20.0,255,13.934489,8909.982,True,
forkyard,20.0,256,14.014239,7620.1,True,
forkyard,20.0,257,14.07062,8098.066,True,
forkyard,20.0,258,14.082265,13511.377,True,
forkyard,20.0,259,14.121619,7942.056,True,
forkyard,20.0,260,14.161494,8675.842,True,
forkyard,20.0,261,14.164413,7898.294,True,
forkyard,20.0,262,14.333351,8117.887,True,
forkyard,20.0,263,14.40331,8048.485,True,
forkyard,20.0,264,14.419482,8418.771,True,
forkyard,20.0,265,14.437168,8140.636,True,
forkyard,20.0,266,14.476405,8538.074,True,
forkyard,20.0,267,14.664179,8594.789,True,
forkyard,20.0,268,14.687867,8000.548,True,
forkyard,20.0,269,14.780679,8229.017,True,
forkyard,20.0,270,14.835437,8379.94,True,
forkyard,20.0,271,15.014143,7820.19,True,
forkyard,20.0,272,15.025525,8993.678,True,
forkyard,20.0,273,15.062804,8590.04,True,
forkyard,20.0,274,15.081939,8277.166,True,
forkyard,20.0,275,15.201602,7763.716,True,
forkyard,20.0,276,15.36925,9072.566,True,
forkyard,20.0,277,15.39507,8262.481,True,
forkyard,20.0,278,15.440406,7928.971,True,
forkyard,20.0,279,15.487418,8953.477,True,
forkyard,20.0,280,15.51941,8003.967,True,
forkyard,20.0,281,15.539116,8122.53,True,
forkyard,20.0,282,15.580805,8071.156,True,
forkyard,20.0,283,15.583415,8161.085,True,
forkyard,20.0,284,15.602662,8845.381,True,
forkyard,20.0,285,15.725716,8208.497,True,
forkyard,20.0,286,15.778772,8488.284,True,
forkyard,20.0,287,15.787842,8239.491,True,
forkyard,20.0,288,15.90796,8114.811,True,
forkyard,20.0,289,15.91385,9153.935,True,
forkyard,20.0,290,15.967855,8862.762,True,
forkyard,20.0,291,16.003759,8830.875,True,
forkyard,20.0,292,16.163769,9165.374,True,
forkyard,20.0,293,16.290508,8631.987,True,
forkyard,20.0,294,16.347724,8441.799,True,
forkyard,20.0,295,16.359355,8474.677,True,
forkyard,20.0,296,16.417197,9439.883,True,
forkyard,20.0,297,16.498982,8825.626,True,
forkyard,20.0,298,16.528048,9736.829,True,
forkyard,20.0,299,16.700855,9150.718,True,
forkyard,20.0,300,16.855918,8359.624,True,
forkyard,20.0,301,16.907761,8420.883,True,
forkyard,20.0,302,16.990235,8337.2,True,
forkyard,20.0,303,17.155468,8058.203,True,
forkyard,20.0,304,17.159223,9109.544,True,
forkyard,20.0,305,17.218719,8388.47,True,
forkyard,20.0,306,17.355561,8378.942,True,
forkyard,20.0,307,17.400446,8090.192,True,
forkyard,20.0,308,17.439963,9233.401,True,
forkyard,20.0,309,17.450961,8680.427,True,
forkyard,20.0,310,17.49881,8856.912,True,
forkyard,20.0,311,17.520904,8339.278,True,
forkyard,20.0,312,17.790811,8753.99,True,
forkyard,20.0,313,17.842435,9037.234,True,
forkyard,20.0,314,17.909208,8889.217,True,
forkyard,20.0,315,18.033446,8516.853,True,
forkyard,20.0,316,18.061743,9396.866,True,
forkyard,20.0,317,18.125246,9328.724,True,
forkyard,20.0,318,18.129037,8670.523,True,
forkyard,20.0,319,18.129344,9956.294,True,
forkyard,20.0,320,18.178223,8862.511,True,
forkyard,20.0,321,18.180379,9278.367,True,
forkyard,20.0,322,18.205849,9016.912,True,
forkyard,20.0,323,18.215416,8817.368,True,
forkyard,20.0,324,18.244661,4200.107,True,
forkyard,20.0,325,18.291675,9785.129,True,
forkyard,20.0,326,18.304088,9777.492,True,
forkyard,20.0,327,18.320912,8718.594,True,
forkyard,20.0,328,18.337658,8736.857,True,
forkyard,20.0,329,18.421943,9171.985,True,
forkyard,20.0,330,18.455627,9233.476,True,
forkyard,20.0,331,18.489445,8942.567,True,
forkyard,20.0,332,18.516248,9845.003,True,
forkyard,20.0,333,18.637844,9299.781,True,
forkyard,20.0,334,18.73948,8949.92,True,
forkyard,20.0,335,18.784254,8648.238,True,
forkyard,20.0,336,18.83513,9526.41,True,
forkyard,20.0,337,18.845923,9510.454,True,
forkyard,20.0,338,18.922761,9292.005,True,
forkyard,20.0,339,18.950466,8761.437,True,
forkyard,20.0,340,18.964363,9148.583,True,
forkyard,20.0,341,19.060154,9323.271,True,
forkyard,20.0,342,19.079708,9030.457,True,
forkyard,20.0,343,19.081838,9007.319,True,
forkyard,20.0,344,19.090479,9394.23,True,
forkyard,20.0,345,19.120907,9258.217,True,
forkyard,20.0,346,19.137557,9319.907,True,
forkyard,20.0,347,19.15683,9227.401,True,
forkyard,20.0,348,19.158011,9823.809,True,
forkyard,20.0,349,19.162453,9580.246,True,
forkyard,20.0,350,19.170654,9428.683,True,
forkyard,20.0,351,19.2056,9281.925,True,
forkyard,20.0,352,19.228076,9905.212,True,
forkyard,20.0,353,19.252795,9876.015,True,
forkyard,20.0,354,19.287302,9312.398,True,
forkyard,20.0,355,19.3343,9152.758,True,
forkyard,20.0,356,19.357148,9769.533,True,
forkyard,20.0,357,19.440463,9688.164,True,
forkyard,20.0,358,19.483221,9499.709,True,
forkyard,20.0,359,19.544671,9276.817,True,
forkyard,20.0,360,19.547888,9577.772,True,
forkyard,20.0,361,19.61013,9650.322,True,
forkyard,20.0,362,19.614354,9368.308,True,
forkyard,20.0,363,19.675549,9454.508,True,
forkyard,20.0,364,19.716776,9542.045,True,
forkyard,20.0,365,19.741967,9517.747,True,
forkyard,20.0,366,19.746073,9236.009,True,
forkyard,20.0,367,19.76321,9368.815,True,
forkyard,20.0,368,19.822062,9438.102,True,
forkyard,20.0,369,19.843502,9415.993,True,
forkyard,20.0,370,19.84538,9280.648,True,
forkyard,20.0,371,19.977276,9007.781,True,
anvil,20.0,0,0.041088,1893.184,True,
anvil,20.0,1,0.07209,1856.788,True,
anvil,20.0,2,0.225891,1818.603,True,
anvil,20.0,3,0.277284,2024.78,True,
anvil,20.0,4,0.384376,1772.162,True,
anvil,20.0,5,0.441413,1723.377,True,
anvil,20.0,6,0.505312,2214.079,True,
anvil,20.0,7,0.518979,2058.834,True,
anvil,20.0,8,0.574732,1706.977,True,
anvil,20.0,9,0.630513,2185.973,True,
anvil,20.0,10,0.683892,2031.588,True,
anvil,20.0,11,0.700883,2018.045,True,
anvil,20.0,12,0.745516,2070.694,True,
anvil,20.0,13,0.903636,1815.501,True,
anvil,20.0,14,0.992265,1823.052,True,
anvil,20.0,15,0.993163,1814.427,True,
anvil,20.0,16,1.013782,2074.959,True,
anvil,20.0,17,1.019253,2087.554,True,
anvil,20.0,18,1.021709,1793.334,True,
anvil,20.0,19,1.029302,2059.843,True,
anvil,20.0,20,1.185992,2037.11,True,
anvil,20.0,21,1.30274,2023.72,True,
anvil,20.0,22,1.352241,2004.017,True,
anvil,20.0,23,1.406127,1927.14,True,
anvil,20.0,24,1.453152,2169.435,True,
anvil,20.0,25,1.477773,1718.489,True,
anvil,20.0,26,1.481532,1736.769,True,
anvil,20.0,27,1.779132,1984.492,True,
anvil,20.0,28,1.788625,1829.21,True,
anvil,20.0,29,1.821588,2050.673,True,
anvil,20.0,30,1.8709,1852.223,True,
anvil,20.0,31,1.889125,2271.008,True,
anvil,20.0,32,1.966617,1805.97,True,
anvil,20.0,33,1.983711,1796.985,True,
anvil,20.0,34,2.010794,1772.852,True,
anvil,20.0,35,2.041958,1988.937,True,
anvil,20.0,36,2.07932,2201.212,True,
anvil,20.0,37,2.100627,2038.28,True,
anvil,20.0,38,2.142603,3465.163,True,
anvil,20.0,39,2.177563,2234.424,True,
anvil,20.0,40,2.226769,2039.08,True,
anvil,20.0,41,2.382197,2029.988,True,
anvil,20.0,42,2.404707,1976.302,True,
anvil,20.0,43,2.421587,1959.163,True,
anvil,20.0,44,2.425767,2967.425,True,
anvil,20.0,45,2.43533,2957.464,True,
anvil,20.0,46,2.483022,1788.142,True,
anvil,20.0,47,2.491091,2921.874,True,
anvil,20.0,48,2.557417,3398.26,True,
anvil,20.0,49,2.621982,1789.772,True,
anvil,20.0,50,2.632749,2028.187,True,
anvil,20.0,51,2.795097,1869.901,True,
anvil,20.0,52,2.828712,1994.324,True,
anvil,20.0,53,2.831826,1990.108,True,
anvil,20.0,54,2.990086,1835.844,True,
anvil,20.0,55,2.993146,1826.184,True,
anvil,20.0,56,3.022602,1802.631,True,
anvil,20.0,57,3.110695,1968.232,True,
anvil,20.0,58,3.148461,3099.905,True,
anvil,20.0,59,3.263389,2206.292,True,
anvil,20.0,60,3.315108,1940.014,True,
anvil,20.0,61,3.332087,1967.079,True,
anvil,20.0,62,3.332681,1984.899,True,
anvil,20.0,63,3.353928,1963.865,True,
anvil,20.0,64,3.377241,2055.955,True,
anvil,20.0,65,3.428317,4101.631,True,
anvil,20.0,66,3.578162,3205.341,True,
anvil,20.0,67,3.609022,2007.072,True,
anvil,20.0,68,3.659012,1767.116,True,
anvil,20.0,69,3.762139,2205.91,True,
anvil,20.0,70,3.771684,1942.706,True,
anvil,20.0,71,3.859576,1854.582,True,
anvil,20.0,72,3.889462,1971.007,True,
anvil,20.0,73,3.981924,1965.315,True,
anvil,20.0,74,3.984177,2504.473,True,
anvil,20.0,75,4.019295,1936.173,True,
anvil,20.0,76,4.220954,2257.424,True,
anvil,20.0,77,4.300917,2195.736,True,
anvil,20.0,78,4.302363,2185.477,True,
anvil,20.0,79,4.342506,1967.657,True,
anvil,20.0,80,4.395964,1851.898,True,
anvil,20.0,81,4.417413,1970.712,True,
anvil,20.0,82,4.448063,2050.296,True,
anvil,20.0,83,4.457841,2024.213,True,
anvil,20.0,84,4.509114,1737.659,True,
anvil,20.0,85,4.633918,1703.76,True,
anvil,20.0,86,4.709207,2072.793,True,
anvil,20.0,87,4.777837,1719.436,True,
anvil,20.0,88,4.828488,2184.513,True,
anvil,20.0,89,4.846528,2473.782,True,
anvil,20.0,90,4.934138,2347.992,True,
anvil,20.0,91,4.969575,2041.587,True,
anvil,20.0,92,5.022488,1990.084,True,
anvil,20.0,93,5.058327,1952.218,True,
anvil,20.0,94,5.089377,1935.453,True,
anvil,20.0,95,5.168966,2219.972,True,
anvil,20.0,96,5.17081,2377.022,True,
anvil,20.0,97,5.281844,1719.32,True,
anvil,20.0,98,5.353063,2454.619,True,
anvil,20.0,99,5.514152,2034.254,True,
anvil,20.0,100,5.555412,1993.305,True,
anvil,20.0,101,5.704488,2346.472,True,
anvil,20.0,102,5.77769,1752.507,True,
anvil,20.0,103,5.789314,2270.021,True,
anvil,20.0,104,5.789542,2270.64,True,
anvil,20.0,105,5.833703,1976.922,True,
anvil,20.0,106,5.962175,1978.544,True,
anvil,20.0,107,5.976576,2601.535,True,
anvil,20.0,108,5.997528,2061.95,True,
anvil,20.0,109,6.023923,2035.992,True,
anvil,20.0,110,6.195981,1734.478,True,
anvil,20.0,111,6.203325,1742.324,True,
anvil,20.0,112,6.214706,1722.077,True,
anvil,20.0,113,6.311123,1749.3,True,
anvil,20.0,114,6.345469,1705.704,True,
anvil,20.0,115,6.356836,2245.417,True,
anvil,20.0,116,6.372769,2240.596,True,
anvil,20.0,117,6.560069,2052.881,True,
anvil,20.0,118,6.589796,2012.205,True,
anvil,20.0,119,6.801565,1766.944,True,
anvil,20.0,120,6.857577,2251.135,True,
anvil,20.0,121,6.899371,2228.023,True,
anvil,20.0,122,6.90406,2058.989,True,
anvil,20.0,123,6.921914,1938.275,True,
anvil,20.0,124,6.956886,2050.576,True,
anvil,20.0,125,6.966626,2040.506,True,
anvil,20.0,126,6.978825,2028.698,True,
anvil,20.0,127,6.999526,2376.682,True,
anvil,20.0,128,7.076063,2038.471,True,
anvil,20.0,129,7.151172,1956.652,True,
anvil,20.0,130,7.236126,1768.317,True,
anvil,20.0,131,7.300154,2096.577,True,
anvil,20.0,132,7.359278,1744.781,True,
anvil,20.0,133,7.429275,1946.715,True,
anvil,20.0,134,7.502912,1953.674,True,
anvil,20.0,135,7.635582,1987.546,True,
anvil,20.0,136,7.641208,1738.967,True,
anvil,20.0,137,7.646619,3029.218,True,
anvil,20.0,138,7.649374,3053.255,True,
anvil,20.0,139,7.749875,1760.167,True,
anvil,20.0,140,7.768477,1785.17,True,
anvil,20.0,141,7.768831,1761.746,True,
anvil,20.0,142,7.769025,1784.093,True,
anvil,20.0,143,7.83258,1791.53,True,
anvil,20.0,144,7.885405,2279.18,True,
anvil,20.0,145,7.886729,2287.384,True,
anvil,20.0,146,7.941899,3553.356,True,
anvil,20.0,147,7.972051,2197.236,True,
anvil,20.0,148,8.110259,2054.075,True,
anvil,20.0,149,8.149448,3325.649,True,
anvil,20.0,150,8.316103,2033.504,True,
anvil,20.0,151,8.422973,2268.407,True,
anvil,20.0,152,8.649212,2021.516,True,
anvil,20.0,153,8.664039,3200.717,True,
anvil,20.0,154,8.675289,3063.117,True,
anvil,20.0,155,8.703305,1841.441,True,
anvil,20.0,156,8.744418,2169.78,True,
anvil,20.0,157,8.829632,1736.224,True,
anvil,20.0,158,8.849985,2351.555,True,
anvil,20.0,159,8.910494,2044.095,True,
anvil,20.0,160,8.913584,1778.008,True,
anvil,20.0,161,8.934532,1752.514,True,
anvil,20.0,162,9.045496,2168.899,True,
anvil,20.0,163,9.074019,2126.95,True,
anvil,20.0,164,9.098337,2090.6,True,
anvil,20.0,165,9.102888,2387.483,True,
anvil,20.0,166,9.288617,1912.659,True,
anvil,20.0,167,9.297577,1917.022,True,
anvil,20.0,168,9.319448,2170.508,True,
anvil,20.0,169,9.541415,2231.364,True,
anvil,20.0,170,9.543744,2195.555,True,
anvil,20.0,171,9.6278,1728.689,True,
anvil,20.0,172,9.668439,2196.072,True,
anvil,20.0,173,9.741327,1987.344,True,
anvil,20.0,174,9.770711,1954.05,True,
anvil,20.0,175,9.808566,1771.852,True,
anvil,20.0,176,9.812011,1784.678,True,
anvil,20.0,177,9.835447,1777.74,True,
anvil,20.0,178,9.869865,1760.176,True,
anvil,20.0,179,9.876657,1720.671,True,
anvil,20.0,180,9.883536,1846.622,True,
anvil,20.0,181,10.068624,2175.087,True,
anvil,20.0,182,10.423875,2099.499,True,
anvil,20.0,183,10.433979,1961.399,True,
anvil,20.0,184,10.514243,2261.755,True,
anvil,20.0,185,10.717922,2064.478,True,
anvil,20.0,186,10.72059,2051.611,True,
anvil,20.0,187,10.831607,1960.052,True,
anvil,20.0,188,10.8922,1828.497,True,
anvil,20.0,189,10.902159,1732.888,True,
anvil,20.0,190,10.975132,1991.93,True,
anvil,20.0,191,11.018661,1764.162,True,
anvil,20.0,192,11.022219,1753.49,True,
anvil,20.0,193,11.039965,1736.343,True,
anvil,20.0,194,11.13787,1985.274,True,
anvil,20.0,195,11.141471,2013.644,True,
anvil,20.0,196,11.190156,1992.255,True,
anvil,20.0,197,11.245315,1970.386,True,
anvil,20.0,198,11.261221,2326.624,True,
anvil,20.0,199,11.286468,2034.724,True,
anvil,20.0,200,11.439787,1748.602,True,
anvil,20.0,201,11.521458,3156.563,True,
anvil,20.0,202,11.567895,3111.113,True,
anvil,20.0,203,11.612429,3541.995,True,
anvil,20.0,204,11.633546,2209.007,True,
anvil,20.0,205,11.652788,2222.287,True,
anvil,20.0,206,11.655428,3226.005,True,
anvil,20.0,207,11.663791,2165.775,True,
anvil,20.0,208,11.690247,2043.914,True,
anvil,20.0,209,11.737621,2006.095,True,
anvil,20.0,210,11.794394,2695.136,True,
anvil,20.0,211,11.869693,1938.977,True,
anvil,20.0,212,11.921734,1812.673,True,
anvil,20.0,213,11.928863,1833.176,True,
anvil,20.0,214,11.975798,1784.4,True,
anvil,20.0,215,12.033232,2073.095,True,
anvil,20.0,216,12.057934,2050.16,True,
anvil,20.0,217,12.159493,4288.288,True,
anvil,20.0,218,12.207663,4239.611,True,
anvil,20.0,219,12.24985,1857.173,True,
anvil,20.0,220,12.269819,1838.087,True,
anvil,20.0,221,12.276417,4081.389,True,
anvil,20.0,222,12.457482,1756.221,True,
anvil,20.0,223,12.53492,3388.711,True,
anvil,20.0,224,12.611209,3297.361,True,
anvil,20.0,225,12.64667,2082.956,True,
anvil,20.0,226,12.66519,2067.378,True,
anvil,20.0,227,12.708537,2177.913,True,
anvil,20.0,228,12.760705,2915.835,True,
anvil,20.0,229,12.776986,2896.593,True,
anvil,20.0,230,12.784857,2892.329,True,
anvil,20.0,231,12.82369,3948.873,True,
anvil,20.0,232,12.824227,3948.085,True,
anvil,20.0,233,12.848994,3075.01,True,
anvil,20.0,234,12.854201,2820.946,True,
anvil,20.0,235,12.899969,1953.725,True,
anvil,20.0,236,12.902774,3553.791,True,
anvil,20.0,237,12.997384,3203.67,True,
anvil,20.0,238,13.072333,4597.236,True,
anvil,20.0,239,13.07858,2104.339,True,
anvil,20.0,240,13.094943,1937.616,True,
anvil,20.0,241,13.113692,2966.747,True,
anvil,20.0,242,13.328353,4529.048,True,
anvil,20.0,243,13.341815,1955.114,True,
anvil,20.0,244,13.357464,3090.543,True,
anvil,20.0,245,13.365455,1792.795,True,
anvil,20.0,246,13.390646,2011.738,True,
anvil,20.0,247,13.395062,5043.232,True,
anvil,20.0,248,13.412296,5125.605,True,
anvil,20.0,249,13.422869,4069.688,True,
anvil,20.0,250,13.426249,1978.74,True,
anvil,20.0,251,13.628369,4040.239,True,
anvil,20.0,252,13.629245,2043.9,True,
anvil,20.0,253,13.78882,3067.915,True,
anvil,20.0,254,13.79239,3078.824,True,
anvil,20.0,255,13.934489,3988.49,True,
anvil,20.0,256,14.014239,1784.497,True,
anvil,20.0,257,14.07062,1732.43,True,
anvil,20.0,258,14.082265,1742.269,True,
anvil,20.0,259,14.121619,2084.552,True,
anvil,20.0,260,14.161494,2030.167,True,
anvil,20.0,261,14.164413,1758.724,True,
anvil,20.0,262,14.333351,2105.273,True,
anvil,20.0,263,14.40331,2043.066,True,
anvil,20.0,264,14.419482,1769.401,True,
anvil,20.0,265,14.437168,2035.395,True,
anvil,20.0,266,14.476405,3016.595,True,
anvil,20.0,267,14.664179,3006.186,True,
anvil,20.0,268,14.687867,2804.924,True,
anvil,20.0,269,14.780679,3143.191,True,
anvil,20.0,270,14.835437,2030.017,True,
anvil,20.0,271,15.014143,3851.165,True,
anvil,20.0,272,15.025525,1942.232,True,
anvil,20.0,273,15.062804,2185.865,True,
anvil,20.0,274,15.081939,1776.513,True,
anvil,20.0,275,15.201602,2045.757,True,
anvil,20.0,276,15.36925,2008.198,True,
anvil,20.0,277,15.39507,1985.625,True,
anvil,20.0,278,15.440406,3785.379,True,
anvil,20.0,279,15.487418,4108.338,True,
anvil,20.0,280,15.51941,1969.698,True,
anvil,20.0,281,15.539116,1949.732,True,
anvil,20.0,282,15.580805,3648.539,True,
anvil,20.0,283,15.583415,3377.224,True,
anvil,20.0,284,15.602662,2809.401,True,
anvil,20.0,285,15.725716,1763.598,True,
anvil,20.0,286,15.778772,2758.708,True,
anvil,20.0,287,15.787842,3265.031,True,
anvil,20.0,288,15.90796,2915.659,True,
anvil,20.0,289,15.91385,2919.495,True,
anvil,20.0,290,15.967855,3654.824,True,
anvil,20.0,291,16.003759,2043.285,True,
anvil,20.0,292,16.163769,1735.377,True,
anvil,20.0,293,16.290508,1719.262,True,
anvil,20.0,294,16.347724,2466.632,True,
anvil,20.0,295,16.359355,1954.266,True,
anvil,20.0,296,16.417197,2019.923,True,
anvil,20.0,297,16.498982,2036.447,True,
anvil,20.0,298,16.528048,2002.606,True,
anvil,20.0,299,16.700855,1732.41,True,
anvil,20.0,300,16.855918,2206.567,True,
anvil,20.0,301,16.907761,1906.843,True,
anvil,20.0,302,16.990235,1991.528,True,
anvil,20.0,303,17.155468,1816.805,True,
anvil,20.0,304,17.159223,1822.888,True,
anvil,20.0,305,17.218719,2042.751,True,
anvil,20.0,306,17.355561,2231.87,True,
anvil,20.0,307,17.400446,2195.504,True,
anvil,20.0,308,17.439963,2171.572,True,
anvil,20.0,309,17.450961,2020.882,True,
anvil,20.0,310,17.49881,1855.778,True,
anvil,20.0,311,17.520904,1981.881,True,
anvil,20.0,312,17.790811,3130.299,True,
anvil,20.0,313,17.842435,3508.579,True,
anvil,20.0,314,17.909208,2068.497,True,
anvil,20.0,315,18.033446,2008.593,True,
anvil,20.0,316,18.061743,3242.218,True,
anvil,20.0,317,18.125246,5284.073,True,
anvil,20.0,318,18.129037,4435.601,True,
anvil,20.0,319,18.129344,4390.314,True,
anvil,20.0,320,18.178223,1865.392,True,
anvil,20.0,321,18.180379,5228.259,True,
anvil,20.0,322,18.205849,1832.624,True,
anvil,20.0,323,18.215416,3242.889,True,
anvil,20.0,324,18.244661,3225.894,True,
anvil,20.0,325,18.291675,3152.361,True,
anvil,20.0,326,18.304088,3392.848,True,
anvil,20.0,327,18.320912,3125.278,True,
anvil,20.0,328,18.337658,3229.72,True,
anvil,20.0,329,18.421943,4317.156,True,
anvil,20.0,330,18.455627,3242.286,True,
anvil,20.0,331,18.489445,3355.416,True,
anvil,20.0,332,18.516248,3179.295,True,
anvil,20.0,333,18.637844,2804.865,True,
anvil,20.0,334,18.73948,2940.873,True,
anvil,20.0,335,18.784254,2912.623,True,
anvil,20.0,336,18.83513,3376.384,True,
anvil,20.0,337,18.845923,3355.225,True,
anvil,20.0,338,18.922761,3296.277,True,
anvil,20.0,339,18.950466,4213.944,True,
anvil,20.0,340,18.964363,3178.433,True,
anvil,20.0,341,19.060154,3547.471,True,
anvil,20.0,342,19.079708,4061.092,True,
anvil,20.0,343,19.081838,2993.119,True,
anvil,20.0,344,19.090479,3301.96,True,
anvil,20.0,345,19.120907,3098.074,True,
anvil,20.0,346,19.137557,3616.062,True,
anvil,20.0,347,19.15683,2978.193,True,
anvil,20.0,348,19.158011,2950.756,True,
anvil,20.0,349,19.162453,3055.051,True,
anvil,20.0,350,19.170654,2971.46,True,
anvil,20.0,351,19.2056,5254.405,True,
anvil,20.0,352,19.228076,3257.897,True,
anvil,20.0,353,19.252795,1800.701,True,
anvil,20.0,354,19.287302,1785.68,True,
anvil,20.0,355,19.3343,5122.96,True,
anvil,20.0,356,19.357148,3287.743,True,
anvil,20.0,357,19.440463,5019.367,True,
anvil,20.0,358,19.483221,3003.01,True,
anvil,20.0,359,19.544671,3208.678,True,
anvil,20.0,360,19.547888,3713.376,True,
anvil,20.0,361,19.61013,3042.963,True,
anvil,20.0,362,19.614354,3023.049,True,
anvil,20.0,363,19.675549,3083.561,True,
anvil,20.0,364,19.716776,3191.675,True,
anvil,20.0,365,19.741967,2996.559,True,
anvil,20.0,366,19.746073,3399.439,True,
anvil,20.0,367,19.76321,3504.426,True,
anvil,20.0,368,19.822062,3191.984,True,
anvil,20.0,369,19.843502,3170.675,True,
anvil,20.0,370,19.84538,3275.28,True,
anvil,20.0,371,19.977276,3186.703,True,
