arm,blocks,agents,round,agent_id,block_number,phase,elapsed_ms,ok,error
forkyard,1,24,1,0,25795072,acquire,206.826,True,
forkyard,1,24,1,0,25795072,read,588.68,True,
forkyard,1,24,1,0,25795072,read,362.102,True,
forkyard,1,24,1,0,25795072,read,373.626,True,
forkyard,1,24,1,0,25795072,discard,6.501,True,
forkyard,1,24,1,1,25795072,acquire,195.884,True,
forkyard,1,24,1,1,25795072,read,567.667,True,
forkyard,1,24,1,1,25795072,read,386.52,True,
forkyard,1,24,1,1,25795072,read,372.487,True,
forkyard,1,24,1,1,25795072,discard,8.457,True,
forkyard,1,24,1,2,25795072,acquire,199.543,True,
forkyard,1,24,1,2,25795072,read,572.576,True,
forkyard,1,24,1,2,25795072,read,392.194,True,
forkyard,1,24,1,2,25795072,read,363.995,True,
forkyard,1,24,1,2,25795072,discard,5.764,True,
forkyard,1,24,1,3,25795072,acquire,195.337,True,
forkyard,1,24,1,3,25795072,read,583.492,True,
forkyard,1,24,1,3,25795072,read,369.02,True,
forkyard,1,24,1,3,25795072,read,382.533,True,
forkyard,1,24,1,3,25795072,discard,6.458,True,
forkyard,1,24,1,4,25795072,acquire,208.665,True,
forkyard,1,24,1,4,25795072,read,589.747,True,
forkyard,1,24,1,4,25795072,read,363.277,True,
forkyard,1,24,1,4,25795072,read,379.251,True,
forkyard,1,24,1,4,25795072,discard,8.854,True,
forkyard,1,24,1,5,25795072,acquire,201.387,True,
forkyard,1,24,1,5,25795072,read,566.472,True,
forkyard,1,24,1,5,25795072,read,378.824,True,
forkyard,1,24,1,5,25795072,read,381.473,True,
forkyard,1,24,1,5,25795072,discard,8.078,True,
forkyard,1,24,1,6,25795072,acquire,189.057,True,
forkyard,1,24,1,6,25795072,read,578.294,True,
forkyard,1,24,1,6,25795072,read,384.598,True,
forkyard,1,24,1,6,25795072,read,383.698,True,
forkyard,1,24,1,6,25795072,discard,3.74,True,
forkyard,1,24,1,7,25795072,acquire,194.972,True,
forkyard,1,24,1,7,25795072,read,569.081,True,
forkyard,1,24,1,7,25795072,read,389.065,True,
forkyard,1,24,1,7,25795072,read,358.399,True,
forkyard,1,24,1,7,25795072,discard,13.582,True,
forkyard,1,24,1,8,25795072,acquire,193.679,True,
forkyard,1,24,1,8,25795072,read,570.545,True,
forkyard,1,24,1,8,25795072,read,397.004,True,
forkyard,1,24,1,8,25795072,read,355.254,True,
forkyard,1,24,1,8,25795072,discard,10.904,True,
forkyard,1,24,1,9,25795072,acquire,196.176,True,
forkyard,1,24,1,9,25795072,read,592.711,True,
forkyard,1,24,1,9,25795072,read,348.333,True,
forkyard,1,24,1,9,25795072,read,398.146,True,
forkyard,1,24,1,9,25795072,discard,4.398,True,
forkyard,1,24,1,10,25795072,acquire,185.812,True,
forkyard,1,24,1,10,25795072,read,570.161,True,
forkyard,1,24,1,10,25795072,read,399.131,True,
forkyard,1,24,1,10,25795072,read,367.828,True,
forkyard,1,24,1,10,25795072,discard,7.718,True,
forkyard,1,24,1,11,25795072,acquire,186.829,True,
forkyard,1,24,1,11,25795072,read,571.054,True,
forkyard,1,24,1,11,25795072,read,376.194,True,
forkyard,1,24,1,11,25795072,read,385.555,True,
forkyard,1,24,1,11,25795072,discard,7.613,True,
forkyard,1,24,1,12,25795072,acquire,199.478,True,
forkyard,1,24,1,12,25795072,read,567.464,True,
forkyard,1,24,1,12,25795072,read,383.136,True,
forkyard,1,24,1,12,25795072,read,384.114,True,
forkyard,1,24,1,12,25795072,discard,4.156,True,
forkyard,1,24,1,13,25795072,acquire,193.85,True,
forkyard,1,24,1,13,25795072,read,563.545,True,
forkyard,1,24,1,13,25795072,read,375.013,True,
forkyard,1,24,1,13,25795072,read,367.081,True,
forkyard,1,24,1,13,25795072,discard,8.478,True,
forkyard,1,24,1,14,25795072,acquire,180.729,True,
forkyard,1,24,1,14,25795072,read,586.443,True,
forkyard,1,24,1,14,25795072,read,360.388,True,
forkyard,1,24,1,14,25795072,read,382.734,True,
forkyard,1,24,1,14,25795072,discard,12.211,True,
forkyard,1,24,1,15,25795072,acquire,180.947,True,
forkyard,1,24,1,15,25795072,read,579.291,True,
forkyard,1,24,1,15,25795072,read,379.529,True,
forkyard,1,24,1,15,25795072,read,385.214,True,
forkyard,1,24,1,15,25795072,discard,2.388,True,
forkyard,1,24,1,16,25795072,acquire,194.01,True,
forkyard,1,24,1,16,25795072,read,576.616,True,
forkyard,1,24,1,16,25795072,read,382.113,True,
forkyard,1,24,1,16,25795072,read,372.299,True,
forkyard,1,24,1,16,25795072,discard,11.437,True,
forkyard,1,24,1,17,25795072,acquire,191.831,True,
forkyard,1,24,1,17,25795072,read,566.071,True,
forkyard,1,24,1,17,25795072,read,366.191,True,
forkyard,1,24,1,17,25795072,read,393.13,True,
forkyard,1,24,1,17,25795072,discard,4.915,True,
forkyard,1,24,1,18,25795072,acquire,183.288,True,
forkyard,1,24,1,18,25795072,read,574.946,True,
forkyard,1,24,1,18,25795072,read,378.724,True,
forkyard,1,24,1,18,25795072,read,373.918,True,
forkyard,1,24,1,18,25795072,discard,8.07,True,
forkyard,1,24,1,19,25795072,acquire,189.604,True,
forkyard,1,24,1,19,25795072,read,571.445,True,
forkyard,1,24,1,19,25795072,read,387.991,True,
forkyard,1,24,1,19,25795072,read,370.567,True,
forkyard,1,24,1,19,25795072,discard,7.213,True,
forkyard,1,24,1,20,25795072,acquire,187.089,True,
forkyard,1,24,1,20,25795072,read,579.292,True,
forkyard,1,24,1,20,25795072,read,380.328,True,
forkyard,1,24,1,20,25795072,read,378.233,True,
forkyard,1,24,1,20,25795072,discard,4.669,True,
forkyard,1,24,1,21,25795072,acquire,182.944,True,
forkyard,1,24,1,21,25795072,read,576.448,True,
forkyard,1,24,1,21,25795072,read,376.192,True,
forkyard,1,24,1,21,25795072,read,377.332,True,
forkyard,1,24,1,21,25795072,discard,9.382,True,
forkyard,1,24,1,22,25795072,acquire,179.921,True,
forkyard,1,24,1,22,25795072,read,567.752,True,
forkyard,1,24,1,22,25795072,read,391.793,True,
forkyard,1,24,1,22,25795072,read,361.242,True,
forkyard,1,24,1,22,25795072,discard,13.367,True,
forkyard,1,24,1,23,25795072,acquire,187.125,True,
forkyard,1,24,1,23,25795072,read,579.285,True,
forkyard,1,24,1,23,25795072,read,386.128,True,
forkyard,1,24,1,23,25795072,read,370.304,True,
forkyard,1,24,1,23,25795072,discard,7.768,True,
forkyard,1,24,2,0,25795072,acquire,8.02,True,
forkyard,1,24,2,0,25795072,read,46.9,True,
forkyard,1,24,2,0,25795072,read,68.524,True,
forkyard,1,24,2,0,25795072,read,52.97,True,
forkyard,1,24,2,0,25795072,discard,12.816,True,
forkyard,1,24,2,1,25795072,acquire,3.913,True,
forkyard,1,24,2,1,25795072,read,42.995,True,
forkyard,1,24,2,1,25795072,read,51.029,True,
forkyard,1,24,2,1,25795072,read,57.566,True,
forkyard,1,24,2,1,25795072,discard,15.678,True,
forkyard,1,24,2,2,25795072,acquire,5.111,True,
forkyard,1,24,2,2,25795072,read,52.735,True,
forkyard,1,24,2,2,25795072,read,57.845,True,
forkyard,1,24,2,2,25795072,read,62.212,True,
forkyard,1,24,2,2,25795072,discard,9.077,True,
forkyard,1,24,2,3,25795072,acquire,4.31,True,
forkyard,1,24,2,3,25795072,read,51.865,True,
forkyard,1,24,2,3,25795072,read,49.979,True,
forkyard,1,24,2,3,25795072,read,55.259,True,
forkyard,1,24,2,3,25795072,discard,12.376,True,
forkyard,1,24,2,4,25795072,acquire,5.833,True,
forkyard,1,24,2,4,25795072,read,50.365,True,
forkyard,1,24,2,4,25795072,read,63.625,True,
forkyard,1,24,2,4,25795072,read,55.215,True,
forkyard,1,24,2,4,25795072,discard,9.58,True,
forkyard,1,24,2,5,25795072,acquire,13.464,True,
forkyard,1,24,2,5,25795072,read,39.466,True,
forkyard,1,24,2,5,25795072,read,51.619,True,
forkyard,1,24,2,5,25795072,read,55.694,True,
forkyard,1,24,2,5,25795072,discard,6.264,True,
forkyard,1,24,2,6,25795072,acquire,9.403,True,
forkyard,1,24,2,6,25795072,read,60.519,True,
forkyard,1,24,2,6,25795072,read,62.468,True,
forkyard,1,24,2,6,25795072,read,48.435,True,
forkyard,1,24,2,6,25795072,discard,8.587,True,
forkyard,1,24,2,7,25795072,acquire,12.606,True,
forkyard,1,24,2,7,25795072,read,70.966,True,
forkyard,1,24,2,7,25795072,read,54.61,True,
forkyard,1,24,2,7,25795072,read,48.761,True,
forkyard,1,24,2,7,25795072,discard,4.156,True,
forkyard,1,24,2,8,25795072,acquire,7.401,True,
forkyard,1,24,2,8,25795072,read,46.453,True,
forkyard,1,24,2,8,25795072,read,61.381,True,
forkyard,1,24,2,8,25795072,read,47.014,True,
forkyard,1,24,2,8,25795072,discard,11.539,True,
forkyard,1,24,2,9,25795072,acquire,7.973,True,
forkyard,1,24,2,9,25795072,read,62.16,True,
forkyard,1,24,2,9,25795072,read,67.434,True,
forkyard,1,24,2,9,25795072,read,45.794,True,
forkyard,1,24,2,9,25795072,discard,9.449,True,
forkyard,1,24,2,10,25795072,acquire,11.603,True,
forkyard,1,24,2,10,25795072,read,55.394,True,
forkyard,1,24,2,10,25795072,read,58.9,True,
forkyard,1,24,2,10,25795072,read,61.562,True,
forkyard,1,24,2,10,25795072,discard,5.698,True,
forkyard,1,24,2,11,25795072,acquire,20.755,True,
forkyard,1,24,2,11,25795072,read,73.39,True,
forkyard,1,24,2,11,25795072,read,60.903,True,
forkyard,1,24,2,11,25795072,read,33.153,True,
forkyard,1,24,2,11,25795072,discard,2.743,True,
forkyard,1,24,2,12,25795072,acquire,10.242,True,
forkyard,1,24,2,12,25795072,read,56.205,True,
forkyard,1,24,2,12,25795072,read,54.422,True,
forkyard,1,24,2,12,25795072,read,53.879,True,
forkyard,1,24,2,12,25795072,discard,8.427,True,
forkyard,1,24,2,13,25795072,acquire,17.325,True,
forkyard,1,24,2,13,25795072,read,44.208,True,
forkyard,1,24,2,13,25795072,read,59.951,True,
forkyard,1,24,2,13,25795072,read,55.813,True,
forkyard,1,24,2,13,25795072,discard,7.446,True,
forkyard,1,24,2,14,25795072,acquire,22.361,True,
forkyard,1,24,2,14,25795072,read,61.689,True,
forkyard,1,24,2,14,25795072,read,53.855,True,
forkyard,1,24,2,14,25795072,read,44.078,True,
forkyard,1,24,2,14,25795072,discard,9.921,True,
forkyard,1,24,2,15,25795072,acquire,18.891,True,
forkyard,1,24,2,15,25795072,read,31.375,True,
forkyard,1,24,2,15,25795072,read,44.882,True,
forkyard,1,24,2,15,25795072,read,54.503,True,
forkyard,1,24,2,15,25795072,discard,17.455,True,
forkyard,1,24,2,16,25795072,acquire,20.446,True,
forkyard,1,24,2,16,25795072,read,57.619,True,
forkyard,1,24,2,16,25795072,read,61.584,True,
forkyard,1,24,2,16,25795072,read,35.415,True,
forkyard,1,24,2,16,25795072,discard,7.14,True,
forkyard,1,24,2,17,25795072,acquire,19.806,True,
forkyard,1,24,2,17,25795072,read,45.888,True,
forkyard,1,24,2,17,25795072,read,67.982,True,
forkyard,1,24,2,17,25795072,read,39.991,True,
forkyard,1,24,2,17,25795072,discard,2.693,True,
forkyard,1,24,2,18,25795072,acquire,15.984,True,
forkyard,1,24,2,18,25795072,read,52.452,True,
forkyard,1,24,2,18,25795072,read,66.63,True,
forkyard,1,24,2,18,25795072,read,45.816,True,
forkyard,1,24,2,18,25795072,discard,5.327,True,
forkyard,1,24,2,19,25795072,acquire,27.429,True,
forkyard,1,24,2,19,25795072,read,42.726,True,
forkyard,1,24,2,19,25795072,read,67.192,True,
forkyard,1,24,2,19,25795072,read,28.826,True,
forkyard,1,24,2,19,25795072,discard,0.883,True,
forkyard,1,24,2,20,25795072,acquire,10.766,True,
forkyard,1,24,2,20,25795072,read,70.803,True,
forkyard,1,24,2,20,25795072,read,59.649,True,
forkyard,1,24,2,20,25795072,read,31.45,True,
forkyard,1,24,2,20,25795072,discard,3.247,True,
forkyard,1,24,2,21,25795072,acquire,22.253,True,
forkyard,1,24,2,21,25795072,read,62.156,True,
forkyard,1,24,2,21,25795072,read,59.738,True,
forkyard,1,24,2,21,25795072,read,20.359,True,
forkyard,1,24,2,21,25795072,discard,0.628,True,
forkyard,1,24,2,22,25795072,acquire,17.176,True,
forkyard,1,24,2,22,25795072,read,41.012,True,
forkyard,1,24,2,22,25795072,read,44.751,True,
forkyard,1,24,2,22,25795072,read,45.362,True,
forkyard,1,24,2,22,25795072,discard,6.774,True,
forkyard,1,24,2,23,25795072,acquire,20.965,True,
forkyard,1,24,2,23,25795072,read,40.374,True,
forkyard,1,24,2,23,25795072,read,59.053,True,
forkyard,1,24,2,23,25795072,read,38.489,True,
forkyard,1,24,2,23,25795072,discard,6.928,True,
anvil,1,24,1,0,25795072,acquire,120030.458,False,"RuntimeError('anvil on http://127.0.0.1:22000 did not become ready in 120.0s: HTTPConnectionPool(host=\'127.0.0.1\', port=22000): Max retries exceeded with url: / (Caused by NewConnectionError(""HTTPCo"
anvil,1,24,1,1,25795072,acquire,120132.255,False,"RuntimeError('anvil on http://127.0.0.1:22001 did not become ready in 120.0s: HTTPConnectionPool(host=\'127.0.0.1\', port=22001): Max retries exceeded with url: / (Caused by NewConnectionError(""HTTPCo"
anvil,1,24,1,2,25795072,acquire,120201.988,False,"RuntimeError('anvil on http://127.0.0.1:22002 did not become ready in 120.0s: HTTPConnectionPool(host=\'127.0.0.1\', port=22002): Max retries exceeded with url: / (Caused by NewConnectionError(""HTTPCo"
anvil,1,24,1,3,25795072,acquire,120131.421,False,"RuntimeError('anvil on http://127.0.0.1:22003 did not become ready in 120.0s: HTTPConnectionPool(host=\'127.0.0.1\', port=22003): Max retries exceeded with url: / (Caused by NewConnectionError(""HTTPCo"
anvil,1,24,1,4,25795072,acquire,120126.219,False,"RuntimeError('anvil on http://127.0.0.1:22004 did not become ready in 120.0s: HTTPConnectionPool(host=\'127.0.0.1\', port=22004): Max retries exceeded with url: / (Caused by NewConnectionError(""HTTPCo"
anvil,1,24,1,5,25795072,acquire,120122.286,False,"RuntimeError('anvil on http://127.0.0.1:22005 did not become ready in 120.0s: HTTPConnectionPool(host=\'127.0.0.1\', port=22005): Max retries exceeded with url: / (Caused by NewConnectionError(""HTTPCo"
anvil,1,24,1,6,25795072,acquire,120117.867,False,"RuntimeError('anvil on http://127.0.0.1:22006 did not become ready in 120.0s: HTTPConnectionPool(host=\'127.0.0.1\', port=22006): Max retries exceeded with url: / (Caused by NewConnectionError(""HTTPCo"
anvil,1,24,1,7,25795072,acquire,120117.444,False,"RuntimeError('anvil on http://127.0.0.1:22007 did not become ready in 120.0s: HTTPConnectionPool(host=\'127.0.0.1\', port=22007): Max retries exceeded with url: / (Caused by NewConnectionError(""HTTPCo"
anvil,1,24,1,8,25795072,acquire,120109.461,False,"RuntimeError('anvil on http://127.0.0.1:22008 did not become ready in 120.0s: HTTPConnectionPool(host=\'127.0.0.1\', port=22008): Max retries exceeded with url: / (Caused by NewConnectionError(""HTTPCo"
anvil,1,24,1,9,25795072,acquire,120105.067,False,"RuntimeError('anvil on http://127.0.0.1:22009 did not become ready in 120.0s: HTTPConnectionPool(host=\'127.0.0.1\', port=22009): Max retries exceeded with url: / (Caused by NewConnectionError(""HTTPCo"
anvil,1,24,1,10,25795072,acquire,120100.844,False,"RuntimeError('anvil on http://127.0.0.1:22010 did not become ready in 120.0s: HTTPConnectionPool(host=\'127.0.0.1\', port=22010): Max retries exceeded with url: / (Caused by NewConnectionError(""HTTPCo"
anvil,1,24,1,11,25795072,acquire,33095.341,True,
anvil,1,24,1,11,25795072,read,441.691,True,
anvil,1,24,1,11,25795072,read,387.704,True,
anvil,1,24,1,11,25795072,read,293.131,True,
anvil,1,24,1,11,25795072,discard,3.821,True,
anvil,1,24,1,12,25795072,acquire,120080.36,False,"RuntimeError('anvil on http://127.0.0.1:22012 did not become ready in 120.0s: HTTPConnectionPool(host=\'127.0.0.1\', port=22012): Max retries exceeded with url: / (Caused by NewConnectionError(""HTTPCo"
anvil,1,24,1,13,25795072,acquire,120148.12,False,"RuntimeError('anvil on http://127.0.0.1:22013 did not become ready in 120.0s: HTTPConnectionPool(host=\'127.0.0.1\', port=22013): Max retries exceeded with url: / (Caused by NewConnectionError(""HTTPCo"
anvil,1,24,1,14,25795072,acquire,33034.266,True,
anvil,1,24,1,14,25795072,read,484.139,True,
anvil,1,24,1,14,25795072,read,387.809,True,
anvil,1,24,1,14,25795072,read,292.564,True,
anvil,1,24,1,14,25795072,discard,4.075,True,
anvil,1,24,1,15,25795072,acquire,120070.641,False,"RuntimeError('anvil on http://127.0.0.1:22015 did not become ready in 120.0s: HTTPConnectionPool(host=\'127.0.0.1\', port=22015): Max retries exceeded with url: / (Caused by NewConnectionError(""HTTPCo"
anvil,1,24,1,16,25795072,acquire,120066.226,False,"RuntimeError('anvil on http://127.0.0.1:22016 did not become ready in 120.0s: HTTPConnectionPool(host=\'127.0.0.1\', port=22016): Max retries exceeded with url: / (Caused by NewConnectionError(""HTTPCo"
anvil,1,24,1,17,25795072,acquire,120061.619,False,"RuntimeError('anvil on http://127.0.0.1:22017 did not become ready in 120.0s: HTTPConnectionPool(host=\'127.0.0.1\', port=22017): Max retries exceeded with url: / (Caused by NewConnectionError(""HTTPCo"
anvil,1,24,1,18,25795072,acquire,120125.935,False,"RuntimeError('anvil on http://127.0.0.1:22018 did not become ready in 120.0s: HTTPConnectionPool(host=\'127.0.0.1\', port=22018): Max retries exceeded with url: / (Caused by NewConnectionError(""HTTPCo"
anvil,1,24,1,19,25795072,acquire,120050.693,False,"RuntimeError('anvil on http://127.0.0.1:22019 did not become ready in 120.0s: HTTPConnectionPool(host=\'127.0.0.1\', port=22019): Max retries exceeded with url: / (Caused by NewConnectionError(""HTTPCo"
anvil,1,24,1,20,25795072,acquire,120045.864,False,"RuntimeError('anvil on http://127.0.0.1:22020 did not become ready in 120.0s: HTTPConnectionPool(host=\'127.0.0.1\', port=22020): Max retries exceeded with url: / (Caused by NewConnectionError(""HTTPCo"
anvil,1,24,1,21,25795072,acquire,120041.627,False,"RuntimeError('anvil on http://127.0.0.1:22021 did not become ready in 120.0s: HTTPConnectionPool(host=\'127.0.0.1\', port=22021): Max retries exceeded with url: / (Caused by NewConnectionError(""HTTPCo"
anvil,1,24,1,22,25795072,acquire,120037.426,False,"RuntimeError('anvil on http://127.0.0.1:22022 did not become ready in 120.0s: HTTPConnectionPool(host=\'127.0.0.1\', port=22022): Max retries exceeded with url: / (Caused by NewConnectionError(""HTTPCo"
anvil,1,24,1,23,25795072,acquire,120032.095,False,"RuntimeError('anvil on http://127.0.0.1:22023 did not become ready in 120.0s: HTTPConnectionPool(host=\'127.0.0.1\', port=22023): Max retries exceeded with url: / (Caused by NewConnectionError(""HTTPCo"
anvil,1,24,2,0,25795072,acquire,6395.058,True,
anvil,1,24,2,0,25795072,read,436.334,True,
anvil,1,24,2,0,25795072,read,365.411,True,
anvil,1,24,2,0,25795072,read,378.042,True,
anvil,1,24,2,0,25795072,discard,4.528,True,
anvil,1,24,2,1,25795072,acquire,6092.739,True,
anvil,1,24,2,1,25795072,read,519.173,True,
anvil,1,24,2,1,25795072,read,291.657,True,
anvil,1,24,2,1,25795072,read,381.124,True,
anvil,1,24,2,1,25795072,discard,3.813,True,
anvil,1,24,2,2,25795072,acquire,6110.793,True,
anvil,1,24,2,2,25795072,read,524.378,True,
anvil,1,24,2,2,25795072,read,390.138,True,
anvil,1,24,2,2,25795072,read,344.751,True,
anvil,1,24,2,2,25795072,discard,3.642,True,
anvil,1,24,2,3,25795072,acquire,6118.136,True,
anvil,1,24,2,3,25795072,read,518.793,True,
anvil,1,24,2,3,25795072,read,389.864,True,
anvil,1,24,2,3,25795072,read,307.403,True,
anvil,1,24,2,3,25795072,discard,3.915,True,
anvil,1,24,2,4,25795072,acquire,6161.015,True,
anvil,1,24,2,4,25795072,read,653.897,True,
anvil,1,24,2,4,25795072,read,348.337,True,
anvil,1,24,2,4,25795072,read,378.542,True,
anvil,1,24,2,4,25795072,discard,3.96,True,
anvil,1,24,2,5,25795072,acquire,6356.38,True,
anvil,1,24,2,5,25795072,read,514.767,True,
anvil,1,24,2,5,25795072,read,321.041,True,
anvil,1,24,2,5,25795072,read,521.592,True,
anvil,1,24,2,5,25795072,discard,3.338,True,
anvil,1,24,2,6,25795072,acquire,120213.915,False,"RuntimeError('anvil on http://127.0.0.1:22030 did not become ready in 120.0s: HTTPConnectionPool(host=\'127.0.0.1\', port=22030): Max retries exceeded with url: / (Caused by NewConnectionError(""HTTPCo"
anvil,1,24,2,7,25795072,acquire,2340.934,True,
anvil,1,24,2,7,25795072,read,546.16,True,
anvil,1,24,2,7,25795072,read,377.764,True,
anvil,1,24,2,7,25795072,read,296.461,True,
anvil,1,24,2,7,25795072,discard,4.293,True,
anvil,1,24,2,8,25795072,acquire,6360.396,True,
anvil,1,24,2,8,25795072,read,433.894,True,
anvil,1,24,2,8,25795072,read,370.71,True,
anvil,1,24,2,8,25795072,read,374.582,True,
anvil,1,24,2,8,25795072,discard,3.906,True,
anvil,1,24,2,9,25795072,acquire,6262.123,True,
anvil,1,24,2,9,25795072,read,703.302,True,
anvil,1,24,2,9,25795072,read,315.256,True,
anvil,1,24,2,9,25795072,read,516.783,True,
anvil,1,24,2,9,25795072,discard,8.119,True,
anvil,1,24,2,10,25795072,acquire,120174.494,False,"RuntimeError('anvil on http://127.0.0.1:22034 did not become ready in 120.0s: HTTPConnectionPool(host=\'127.0.0.1\', port=22034): Max retries exceeded with url: / (Caused by NewConnectionError(""HTTPCo"
anvil,1,24,2,11,25795072,acquire,2864.644,True,
anvil,1,24,2,11,25795072,read,550.442,True,
anvil,1,24,2,11,25795072,read,363.296,True,
anvil,1,24,2,11,25795072,read,303.737,True,
anvil,1,24,2,11,25795072,discard,3.982,True,
anvil,1,24,2,12,25795072,acquire,120154.78,False,"RuntimeError('anvil on http://127.0.0.1:22036 did not become ready in 120.0s: HTTPConnectionPool(host=\'127.0.0.1\', port=22036): Max retries exceeded with url: / (Caused by NewConnectionError(""HTTPCo"
anvil,1,24,2,13,25795072,acquire,6693.406,True,
anvil,1,24,2,13,25795072,read,517.793,True,
anvil,1,24,2,13,25795072,read,369.35,True,
anvil,1,24,2,13,25795072,read,379.991,True,
anvil,1,24,2,13,25795072,discard,3.519,True,
anvil,1,24,2,14,25795072,acquire,6227.161,True,
anvil,1,24,2,14,25795072,read,878.262,True,
anvil,1,24,2,14,25795072,read,520.016,True,
anvil,1,24,2,14,25795072,read,325.445,True,
anvil,1,24,2,14,25795072,discard,3.789,True,
anvil,1,24,2,15,25795072,acquire,6267.372,True,
anvil,1,24,2,15,25795072,read,525.159,True,
anvil,1,24,2,15,25795072,read,368.71,True,
anvil,1,24,2,15,25795072,read,375.197,True,
anvil,1,24,2,15,25795072,discard,3.801,True,
anvil,1,24,2,16,25795072,acquire,5786.663,True,
anvil,1,24,2,16,25795072,read,526.678,True,
anvil,1,24,2,16,25795072,read,310.216,True,
anvil,1,24,2,16,25795072,read,364.389,True,
anvil,1,24,2,16,25795072,discard,4.229,True,
anvil,1,24,2,17,25795072,acquire,6319.93,True,
anvil,1,24,2,17,25795072,read,448.157,True,
anvil,1,24,2,17,25795072,read,370.371,True,
anvil,1,24,2,17,25795072,read,300.188,True,
anvil,1,24,2,17,25795072,discard,3.818,True,
anvil,1,24,2,18,25795072,acquire,6177.147,True,
anvil,1,24,2,18,25795072,read,707.886,True,
anvil,1,24,2,18,25795072,read,305.043,True,
anvil,1,24,2,18,25795072,read,353.67,True,
anvil,1,24,2,18,25795072,discard,4.885,True,
anvil,1,24,2,19,25795072,acquire,6236.821,True,
anvil,1,24,2,19,25795072,read,626.375,True,
anvil,1,24,2,19,25795072,read,334.509,True,
anvil,1,24,2,19,25795072,read,524.26,True,
anvil,1,24,2,19,25795072,discard,3.794,True,
anvil,1,24,2,20,25795072,acquire,120089.823,False,"RuntimeError('anvil on http://127.0.0.1:22044 did not become ready in 120.0s: HTTPConnectionPool(host=\'127.0.0.1\', port=22044): Max retries exceeded with url: / (Caused by NewConnectionError(""HTTPCo"
anvil,1,24,2,21,25795072,acquire,120078.662,False,"RuntimeError('anvil on http://127.0.0.1:22045 did not become ready in 120.0s: HTTPConnectionPool(host=\'127.0.0.1\', port=22045): Max retries exceeded with url: / (Caused by NewConnectionError(""HTTPCo"
anvil,1,24,2,22,25795072,acquire,6133.799,True,
anvil,1,24,2,22,25795072,read,704.012,True,
anvil,1,24,2,22,25795072,read,325.801,True,
anvil,1,24,2,22,25795072,read,499.167,True,
anvil,1,24,2,22,25795072,discard,3.798,True,
anvil,1,24,2,23,25795072,acquire,6120.602,True,
anvil,1,24,2,23,25795072,read,702.466,True,
anvil,1,24,2,23,25795072,read,316.014,True,
anvil,1,24,2,23,25795072,read,343.522,True,
anvil,1,24,2,23,25795072,discard,3.954,True,
forkyard,2,24,1,0,25795072,acquire,194.159,True,
forkyard,2,24,1,0,25795072,read,883.343,True,
forkyard,2,24,1,0,25795072,read,1023.994,True,
forkyard,2,24,1,0,25795072,read,344.083,True,
forkyard,2,24,1,0,25795072,discard,12.371,True,
forkyard,2,24,1,1,25794072,acquire,165.643,True,
forkyard,2,24,1,1,25794072,read,877.534,True,
forkyard,2,24,1,1,25794072,read,677.648,True,
forkyard,2,24,1,1,25794072,read,685.908,True,
forkyard,2,24,1,1,25794072,discard,25.108,True,
forkyard,2,24,1,2,25795072,acquire,196.309,True,
forkyard,2,24,1,2,25795072,read,886.524,True,
forkyard,2,24,1,2,25795072,read,672.87,True,
forkyard,2,24,1,2,25795072,read,695.12,True,
forkyard,2,24,1,2,25795072,discard,3.641,True,
forkyard,2,24,1,3,25794072,acquire,161.392,True,
forkyard,2,24,1,3,25794072,read,878.897,True,
forkyard,2,24,1,3,25794072,read,680.99,True,
forkyard,2,24,1,3,25794072,read,676.516,True,
forkyard,2,24,1,3,25794072,discard,28.588,True,
forkyard,2,24,1,4,25795072,acquire,187.521,True,
forkyard,2,24,1,4,25795072,read,1198.716,True,
forkyard,2,24,1,4,25795072,read,716.136,True,
forkyard,2,24,1,4,25795072,read,343.557,True,
forkyard,2,24,1,4,25795072,discard,11.801,True,
forkyard,2,24,1,5,25794072,acquire,164.726,True,
forkyard,2,24,1,5,25794072,read,878.97,True,
forkyard,2,24,1,5,25794072,read,672.733,True,
forkyard,2,24,1,5,25794072,read,680.83,True,
forkyard,2,24,1,5,25794072,discard,28.19,True,
forkyard,2,24,1,6,25795072,acquire,191.339,True,
forkyard,2,24,1,6,25795072,read,1033.315,True,
forkyard,2,24,1,6,25795072,read,722.76,True,
forkyard,2,24,1,6,25795072,read,339.106,True,
forkyard,2,24,1,6,25795072,discard,4.653,True,
forkyard,2,24,1,7,25794072,acquire,168.999,True,
forkyard,2,24,1,7,25794072,read,881.863,True,
forkyard,2,24,1,7,25794072,read,370.012,True,
forkyard,2,24,1,7,25794072,read,986.104,True,
forkyard,2,24,1,7,25794072,discard,30.57,True,
forkyard,2,24,1,8,25795072,acquire,190.726,True,
forkyard,2,24,1,8,25795072,read,1034.044,True,
forkyard,2,24,1,8,25795072,read,718.175,True,
forkyard,2,24,1,8,25795072,read,342.211,True,
forkyard,2,24,1,8,25795072,discard,4.319,True,
forkyard,2,24,1,9,25794072,acquire,165.663,True,
forkyard,2,24,1,9,25794072,read,880.428,True,
forkyard,2,24,1,9,25794072,read,679.518,True,
forkyard,2,24,1,9,25794072,read,675.568,True,
forkyard,2,24,1,9,25794072,discard,24.018,True,
forkyard,2,24,1,10,25795072,acquire,186.688,True,
forkyard,2,24,1,10,25795072,read,1199.546,True,
forkyard,2,24,1,10,25795072,read,717.22,True,
forkyard,2,24,1,10,25795072,read,342.718,True,
forkyard,2,24,1,10,25795072,discard,13.114,True,
forkyard,2,24,1,11,25794072,acquire,165.309,True,
forkyard,2,24,1,11,25794072,read,1033.707,True,
forkyard,2,24,1,11,25794072,read,675.648,True,
forkyard,2,24,1,11,25794072,read,681.091,True,
forkyard,2,24,1,11,25794072,discard,23.92,True,
forkyard,2,24,1,12,25795072,acquire,186.489,True,
forkyard,2,24,1,12,25795072,read,1033.613,True,
forkyard,2,24,1,12,25795072,read,716.05,True,
forkyard,2,24,1,12,25795072,read,345.445,True,
forkyard,2,24,1,12,25795072,discard,5.506,True,
forkyard,2,24,1,13,25794072,acquire,158.341,True,
forkyard,2,24,1,13,25794072,read,1028.278,True,
forkyard,2,24,1,13,25794072,read,684.479,True,
forkyard,2,24,1,13,25794072,read,675.37,True,
forkyard,2,24,1,13,25794072,discard,24.65,True,
forkyard,2,24,1,14,25795072,acquire,192.467,True,
forkyard,2,24,1,14,25795072,read,1196.485,True,
forkyard,2,24,1,14,25795072,read,722.292,True,
forkyard,2,24,1,14,25795072,read,339.151,True,
forkyard,2,24,1,14,25795072,discard,5.713,True,
forkyard,2,24,1,15,25794072,acquire,159.349,True,
forkyard,2,24,1,15,25794072,read,881.59,True,
forkyard,2,24,1,15,25794072,read,671.837,True,
forkyard,2,24,1,15,25794072,read,678.417,True,
forkyard,2,24,1,15,25794072,discard,26.739,True,
forkyard,2,24,1,16,25795072,acquire,185.01,True,
forkyard,2,24,1,16,25795072,read,1193.473,True,
forkyard,2,24,1,16,25795072,read,719.332,True,
forkyard,2,24,1,16,25795072,read,340.299,True,
forkyard,2,24,1,16,25795072,discard,10.478,True,
forkyard,2,24,1,17,25794072,acquire,160.516,True,
forkyard,2,24,1,17,25794072,read,898.477,True,
forkyard,2,24,1,17,25794072,read,648.666,True,
forkyard,2,24,1,17,25794072,read,690.183,True,
forkyard,2,24,1,17,25794072,discard,15.54,True,
forkyard,2,24,1,18,25795072,acquire,190.163,True,
forkyard,2,24,1,18,25795072,read,1196.604,True,
forkyard,2,24,1,18,25795072,read,711.766,True,
forkyard,2,24,1,18,25795072,read,342.386,True,
forkyard,2,24,1,18,25795072,discard,6.298,True,
forkyard,2,24,1,19,25794072,acquire,154.928,True,
forkyard,2,24,1,19,25794072,read,1032.63,True,
forkyard,2,24,1,19,25794072,read,678.198,True,
forkyard,2,24,1,19,25794072,read,400.004,True,
forkyard,2,24,1,19,25794072,discard,278.188,True,
forkyard,2,24,1,20,25795072,acquire,177.598,True,
forkyard,2,24,1,20,25795072,read,1201.96,True,
forkyard,2,24,1,20,25795072,read,718.443,True,
forkyard,2,24,1,20,25795072,read,342.312,True,
forkyard,2,24,1,20,25795072,discard,4.057,True,
forkyard,2,24,1,21,25794072,acquire,156.06,True,
forkyard,2,24,1,21,25794072,read,880.971,True,
forkyard,2,24,1,21,25794072,read,675.7,True,
forkyard,2,24,1,21,25794072,read,679.107,True,
forkyard,2,24,1,21,25794072,discard,24.171,True,
forkyard,2,24,1,22,25795072,acquire,181.409,True,
forkyard,2,24,1,22,25795072,read,1206.51,True,
forkyard,2,24,1,22,25795072,read,714.932,True,
forkyard,2,24,1,22,25795072,read,338.58,True,
forkyard,2,24,1,22,25795072,discard,5.448,True,
forkyard,2,24,1,23,25794072,acquire,159.013,True,
forkyard,2,24,1,23,25794072,read,882.302,True,
forkyard,2,24,1,23,25794072,read,675.765,True,
forkyard,2,24,1,23,25794072,read,402.985,True,
forkyard,2,24,1,23,25794072,discard,282.399,True,
forkyard,2,24,2,0,25795072,acquire,11.025,True,
forkyard,2,24,2,0,25795072,read,37.675,True,
forkyard,2,24,2,0,25795072,read,47.419,True,
forkyard,2,24,2,0,25795072,read,68.3,True,
forkyard,2,24,2,0,25795072,discard,13.173,True,
forkyard,2,24,2,1,25794072,acquire,15.173,True,
forkyard,2,24,2,1,25794072,read,54.644,True,
forkyard,2,24,2,1,25794072,read,78.512,True,
forkyard,2,24,2,1,25794072,read,39.136,True,
forkyard,2,24,2,1,25794072,discard,11.218,True,
forkyard,2,24,2,2,25795072,acquire,7.739,True,
forkyard,2,24,2,2,25795072,read,42.41,True,
forkyard,2,24,2,2,25795072,read,47.301,True,
forkyard,2,24,2,2,25795072,read,73.028,True,
forkyard,2,24,2,2,25795072,discard,13.555,True,
forkyard,2,24,2,3,25794072,acquire,4.959,True,
forkyard,2,24,2,3,25794072,read,46.785,True,
forkyard,2,24,2,3,25794072,read,55.438,True,
forkyard,2,24,2,3,25794072,read,58.524,True,
forkyard,2,24,2,3,25794072,discard,9.023,True,
forkyard,2,24,2,4,25795072,acquire,7.436,True,
forkyard,2,24,2,4,25795072,read,47.325,True,
forkyard,2,24,2,4,25795072,read,83.458,True,
forkyard,2,24,2,4,25795072,read,57.442,True,
forkyard,2,24,2,4,25795072,discard,6.05,True,
forkyard,2,24,2,5,25794072,acquire,9.341,True,
forkyard,2,24,2,5,25794072,read,65.903,True,
forkyard,2,24,2,5,25794072,read,78.296,True,
forkyard,2,24,2,5,25794072,read,40.83,True,
forkyard,2,24,2,5,25794072,discard,4.564,True,
forkyard,2,24,2,6,25795072,acquire,7.835,True,
forkyard,2,24,2,6,25795072,read,75.949,True,
forkyard,2,24,2,6,25795072,read,82.247,True,
forkyard,2,24,2,6,25795072,read,43.28,True,
forkyard,2,24,2,6,25795072,discard,0.981,True,
forkyard,2,24,2,7,25794072,acquire,9.28,True,
forkyard,2,24,2,7,25794072,read,52.905,True,
forkyard,2,24,2,7,25794072,read,71.522,True,
forkyard,2,24,2,7,25794072,read,55.53,True,
forkyard,2,24,2,7,25794072,discard,10.879,True,
forkyard,2,24,2,8,25795072,acquire,9.937,True,
forkyard,2,24,2,8,25795072,read,39.555,True,
forkyard,2,24,2,8,25795072,read,59.672,True,
forkyard,2,24,2,8,25795072,read,67.451,True,
forkyard,2,24,2,8,25795072,discard,11.086,True,
forkyard,2,24,2,9,25794072,acquire,26.076,True,
forkyard,2,24,2,9,25794072,read,56.591,True,
forkyard,2,24,2,9,25794072,read,66.561,True,
forkyard,2,24,2,9,25794072,read,36.876,True,
forkyard,2,24,2,9,25794072,discard,9.285,True,
forkyard,2,24,2,10,25795072,acquire,11.838,True,
forkyard,2,24,2,10,25795072,read,42.804,True,
forkyard,2,24,2,10,25795072,read,75.842,True,
forkyard,2,24,2,10,25795072,read,42.318,True,
forkyard,2,24,2,10,25795072,discard,12.19,True,
forkyard,2,24,2,11,25794072,acquire,12.694,True,
forkyard,2,24,2,11,25794072,read,57.55,True,
forkyard,2,24,2,11,25794072,read,68.772,True,
forkyard,2,24,2,11,25794072,read,49.546,True,
forkyard,2,24,2,11,25794072,discard,9.823,True,
forkyard,2,24,2,12,25795072,acquire,9.08,True,
forkyard,2,24,2,12,25795072,read,44.5,True,
forkyard,2,24,2,12,25795072,read,72.734,True,
forkyard,2,24,2,12,25795072,read,52.999,True,
forkyard,2,24,2,12,25795072,discard,8.566,True,
forkyard,2,24,2,13,25794072,acquire,23.01,True,
forkyard,2,24,2,13,25794072,read,52.626,True,
forkyard,2,24,2,13,25794072,read,72.446,True,
forkyard,2,24,2,13,25794072,read,54.727,True,
forkyard,2,24,2,13,25794072,discard,5.572,True,
forkyard,2,24,2,14,25795072,acquire,22.92,True,
forkyard,2,24,2,14,25795072,read,49.947,True,
forkyard,2,24,2,14,25795072,read,82.256,True,
forkyard,2,24,2,14,25795072,read,33.769,True,
forkyard,2,24,2,14,25795072,discard,10.944,True,
forkyard,2,24,2,15,25794072,acquire,28.168,True,
forkyard,2,24,2,15,25794072,read,73.253,True,
forkyard,2,24,2,15,25794072,read,61.433,True,
forkyard,2,24,2,15,25794072,read,33.925,True,
forkyard,2,24,2,15,25794072,discard,1.507,True,
forkyard,2,24,2,16,25795072,acquire,23.396,True,
forkyard,2,24,2,16,25795072,read,59.077,True,
forkyard,2,24,2,16,25795072,read,55.361,True,
forkyard,2,24,2,16,25795072,read,42.554,True,
forkyard,2,24,2,16,25795072,discard,7.336,True,
forkyard,2,24,2,17,25794072,acquire,30.376,True,
forkyard,2,24,2,17,25794072,read,58.769,True,
forkyard,2,24,2,17,25794072,read,54.443,True,
forkyard,2,24,2,17,25794072,read,50.472,True,
forkyard,2,24,2,17,25794072,discard,3.31,True,
forkyard,2,24,2,18,25795072,acquire,33.806,True,
forkyard,2,24,2,18,25795072,read,53.991,True,
forkyard,2,24,2,18,25795072,read,58.247,True,
forkyard,2,24,2,18,25795072,read,44.761,True,
forkyard,2,24,2,18,25795072,discard,4.804,True,
forkyard,2,24,2,19,25794072,acquire,22.529,True,
forkyard,2,24,2,19,25794072,read,57.167,True,
forkyard,2,24,2,19,25794072,read,52.169,True,
forkyard,2,24,2,19,25794072,read,46.378,True,
forkyard,2,24,2,19,25794072,discard,5.571,True,
forkyard,2,24,2,20,25795072,acquire,24.885,True,
forkyard,2,24,2,20,25795072,read,55.926,True,
forkyard,2,24,2,20,25795072,read,55.132,True,
forkyard,2,24,2,20,25795072,read,45.648,True,
forkyard,2,24,2,20,25795072,discard,6.39,True,
forkyard,2,24,2,21,25794072,acquire,15.951,True,
forkyard,2,24,2,21,25794072,read,37.223,True,
forkyard,2,24,2,21,25794072,read,76.771,True,
forkyard,2,24,2,21,25794072,read,50.789,True,
forkyard,2,24,2,21,25794072,discard,9.441,True,
forkyard,2,24,2,22,25795072,acquire,15.938,True,
forkyard,2,24,2,22,25795072,read,51.292,True,
forkyard,2,24,2,22,25795072,read,44.377,True,
forkyard,2,24,2,22,25795072,read,37.635,True,
forkyard,2,24,2,22,25795072,discard,7.911,True,
forkyard,2,24,2,23,25794072,acquire,18.645,True,
forkyard,2,24,2,23,25794072,read,59.072,True,
forkyard,2,24,2,23,25794072,read,75.792,True,
forkyard,2,24,2,23,25794072,read,23.84,True,
forkyard,2,24,2,23,25794072,discard,1.435,True,
anvil,2,24,1,0,25795072,acquire,7139.08,True,
anvil,2,24,1,0,25795072,read,545.57,True,
anvil,2,24,1,0,25795072,read,379.674,True,
anvil,2,24,1,0,25795072,read,333.556,True,
anvil,2,24,1,0,25795072,discard,4.925,True,
anvil,2,24,1,1,25794072,acquire,2671.811,True,
anvil,2,24,1,1,25794072,read,570.276,True,
anvil,2,24,1,1,25794072,read,336.509,True,
anvil,2,24,1,1,25794072,read,381.989,True,
anvil,2,24,1,1,25794072,discard,9.025,True,
anvil,2,24,1,2,25795072,acquire,7095.971,True,
anvil,2,24,1,2,25795072,read,783.12,True,
anvil,2,24,1,2,25795072,read,303.394,True,
anvil,2,24,1,2,25795072,read,351.75,True,
anvil,2,24,1,2,25795072,discard,2.243,True,
anvil,2,24,1,3,25794072,acquire,7139.865,True,
anvil,2,24,1,3,25794072,read,541.505,True,
anvil,2,24,1,3,25794072,read,385.237,True,
anvil,2,24,1,3,25794072,read,330.749,True,
anvil,2,24,1,3,25794072,discard,1.749,True,
anvil,2,24,1,4,25795072,acquire,7169.71,True,
anvil,2,24,1,4,25795072,read,695.182,True,
anvil,2,24,1,4,25795072,read,333.345,True,
anvil,2,24,1,4,25795072,read,365.339,True,
anvil,2,24,1,4,25795072,discard,3.991,True,
anvil,2,24,1,5,25794072,acquire,7199.656,True,
anvil,2,24,1,5,25794072,read,677.233,True,
anvil,2,24,1,5,25794072,read,527.616,True,
anvil,2,24,1,5,25794072,read,515.319,True,
anvil,2,24,1,5,25794072,discard,3.813,True,
anvil,2,24,1,6,25795072,acquire,7036.286,True,
anvil,2,24,1,6,25795072,read,924.427,True,
anvil,2,24,1,6,25795072,read,341.916,True,
anvil,2,24,1,6,25795072,read,319.601,True,
anvil,2,24,1,6,25795072,discard,3.807,True,
anvil,2,24,1,7,25794072,acquire,7144.809,True,
anvil,2,24,1,7,25794072,read,690.779,True,
anvil,2,24,1,7,25794072,read,531.671,True,
anvil,2,24,1,7,25794072,read,364.518,True,
anvil,2,24,1,7,25794072,discard,3.796,True,
anvil,2,24,1,8,25795072,acquire,6929.318,True,
anvil,2,24,1,8,25795072,read,716.114,True,
anvil,2,24,1,8,25795072,read,351.269,True,
anvil,2,24,1,8,25795072,read,335.619,True,
anvil,2,24,1,8,25795072,discard,2.472,True,
anvil,2,24,1,9,25794072,acquire,7116.745,True,
anvil,2,24,1,9,25794072,read,674.395,True,
anvil,2,24,1,9,25794072,read,342.202,True,
anvil,2,24,1,9,25794072,read,384.047,True,
anvil,2,24,1,9,25794072,discard,4.494,True,
anvil,2,24,1,10,25795072,acquire,1921.837,True,
anvil,2,24,1,10,25795072,read,526.202,True,
anvil,2,24,1,10,25795072,read,453.459,True,
anvil,2,24,1,10,25795072,read,379.557,True,
anvil,2,24,1,10,25795072,discard,3.815,True,
anvil,2,24,1,11,25794072,acquire,6119.627,True,
anvil,2,24,1,11,25794072,read,447.413,True,
anvil,2,24,1,11,25794072,read,375.2,True,
anvil,2,24,1,11,25794072,read,332.642,True,
anvil,2,24,1,11,25794072,discard,4.422,True,
anvil,2,24,1,12,25795072,acquire,7042.026,True,
anvil,2,24,1,12,25795072,read,700.116,True,
anvil,2,24,1,12,25795072,read,352.189,True,
anvil,2,24,1,12,25795072,read,383.817,True,
anvil,2,24,1,12,25795072,discard,4.06,True,
anvil,2,24,1,13,25794072,acquire,6970.807,True,
anvil,2,24,1,13,25794072,read,681.081,True,
anvil,2,24,1,13,25794072,read,375.978,True,
anvil,2,24,1,13,25794072,read,382.993,True,
anvil,2,24,1,13,25794072,discard,4.624,True,
anvil,2,24,1,14,25795072,acquire,6936.883,True,
anvil,2,24,1,14,25795072,read,691.141,True,
anvil,2,24,1,14,25795072,read,321.156,True,
anvil,2,24,1,14,25795072,read,329.168,True,
anvil,2,24,1,14,25795072,discard,5.185,True,
anvil,2,24,1,15,25794072,acquire,6953.578,True,
anvil,2,24,1,15,25794072,read,925.696,True,
anvil,2,24,1,15,25794072,read,323.609,True,
anvil,2,24,1,15,25794072,read,581.784,True,
anvil,2,24,1,15,25794072,discard,3.81,True,
anvil,2,24,1,16,25795072,acquire,6714.61,True,
anvil,2,24,1,16,25795072,read,482.905,True,
anvil,2,24,1,16,25795072,read,548.618,True,
anvil,2,24,1,16,25795072,read,529.426,True,
anvil,2,24,1,16,25795072,discard,3.782,True,
anvil,2,24,1,17,25794072,acquire,2514.332,True,
anvil,2,24,1,17,25794072,read,449.753,True,
anvil,2,24,1,17,25794072,read,348.264,True,
anvil,2,24,1,17,25794072,read,384.318,True,
anvil,2,24,1,17,25794072,discard,4.075,True,
anvil,2,24,1,18,25795072,acquire,5877.473,True,
anvil,2,24,1,18,25795072,read,536.908,True,
anvil,2,24,1,18,25795072,read,397.102,True,
anvil,2,24,1,18,25795072,read,324.785,True,
anvil,2,24,1,18,25795072,discard,4.188,True,
anvil,2,24,1,19,25794072,acquire,6929.359,True,
anvil,2,24,1,19,25794072,read,736.36,True,
anvil,2,24,1,19,25794072,read,706.221,True,
anvil,2,24,1,19,25794072,read,294.384,True,
anvil,2,24,1,19,25794072,discard,3.787,True,
anvil,2,24,1,20,25795072,acquire,6903.469,True,
anvil,2,24,1,20,25795072,read,920.583,True,
anvil,2,24,1,20,25795072,read,329.333,True,
anvil,2,24,1,20,25795072,read,326.871,True,
anvil,2,24,1,20,25795072,discard,3.894,True,
anvil,2,24,1,21,25794072,acquire,7039.821,True,
anvil,2,24,1,21,25794072,read,702.715,True,
anvil,2,24,1,21,25794072,read,310.208,True,
anvil,2,24,1,21,25794072,read,361.878,True,
anvil,2,24,1,21,25794072,discard,4.255,True,
anvil,2,24,1,22,25795072,acquire,6835.738,True,
anvil,2,24,1,22,25795072,read,711.217,True,
anvil,2,24,1,22,25795072,read,329.928,True,
anvil,2,24,1,22,25795072,read,329.837,True,
anvil,2,24,1,22,25795072,discard,1.531,True,
anvil,2,24,1,23,25794072,acquire,7054.155,True,
anvil,2,24,1,23,25794072,read,447.691,True,
anvil,2,24,1,23,25794072,read,377.123,True,
anvil,2,24,1,23,25794072,read,341.022,True,
anvil,2,24,1,23,25794072,discard,3.349,True,
anvil,2,24,2,0,25795072,acquire,1667.569,True,
anvil,2,24,2,0,25795072,read,550.759,True,
anvil,2,24,2,0,25795072,read,359.757,True,
anvil,2,24,2,0,25795072,read,337.462,True,
anvil,2,24,2,0,25795072,discard,4.166,True,
anvil,2,24,2,1,25794072,acquire,1536.323,True,
anvil,2,24,2,1,25794072,read,753.725,True,
anvil,2,24,2,1,25794072,read,506.411,True,
anvil,2,24,2,1,25794072,read,345.994,True,
anvil,2,24,2,1,25794072,discard,17.595,True,
anvil,2,24,2,2,25795072,acquire,4157.227,True,
anvil,2,24,2,2,25795072,read,657.465,True,
anvil,2,24,2,2,25795072,read,363.56,True,
anvil,2,24,2,2,25795072,read,334.336,True,
anvil,2,24,2,2,25795072,discard,5.201,True,
anvil,2,24,2,3,25794072,acquire,1493.159,True,
anvil,2,24,2,3,25794072,read,783.341,True,
anvil,2,24,2,3,25794072,read,460.907,True,
anvil,2,24,2,3,25794072,read,352.119,True,
anvil,2,24,2,3,25794072,discard,7.231,True,
anvil,2,24,2,4,25795072,acquire,1075.27,True,
anvil,2,24,2,4,25795072,read,665.238,True,
anvil,2,24,2,4,25795072,read,369.019,True,
anvil,2,24,2,4,25795072,read,375.373,True,
anvil,2,24,2,4,25795072,discard,2.212,True,
anvil,2,24,2,5,25794072,acquire,4528.559,True,
anvil,2,24,2,5,25794072,read,548.791,True,
anvil,2,24,2,5,25794072,read,334.553,True,
anvil,2,24,2,5,25794072,read,348.61,True,
anvil,2,24,2,5,25794072,discard,11.59,True,
anvil,2,24,2,6,25795072,acquire,1073.448,True,
anvil,2,24,2,6,25795072,read,665.615,True,
anvil,2,24,2,6,25795072,read,367.802,True,
anvil,2,24,2,6,25795072,read,385.025,True,
anvil,2,24,2,6,25795072,discard,3.469,True,
anvil,2,24,2,7,25794072,acquire,4476.225,True,
anvil,2,24,2,7,25794072,read,438.342,True,
anvil,2,24,2,7,25794072,read,554.143,True,
anvil,2,24,2,7,25794072,read,345.317,True,
anvil,2,24,2,7,25794072,discard,2.446,True,
anvil,2,24,2,8,25795072,acquire,4268.922,True,
anvil,2,24,2,8,25795072,read,653.596,True,
anvil,2,24,2,8,25795072,read,557.244,True,
anvil,2,24,2,8,25795072,read,328.433,True,
anvil,2,24,2,8,25795072,discard,1.744,True,
anvil,2,24,2,9,25794072,acquire,1899.73,True,
anvil,2,24,2,9,25794072,read,495.021,True,
anvil,2,24,2,9,25794072,read,379.999,True,
anvil,2,24,2,9,25794072,read,338.072,True,
anvil,2,24,2,9,25794072,discard,17.554,True,
anvil,2,24,2,10,25795072,acquire,1624.894,True,
anvil,2,24,2,10,25795072,read,474.954,True,
anvil,2,24,2,10,25795072,read,365.892,True,
anvil,2,24,2,10,25795072,read,326.035,True,
anvil,2,24,2,10,25795072,discard,6.612,True,
anvil,2,24,2,11,25794072,acquire,1135.489,True,
anvil,2,24,2,11,25794072,read,656.802,True,
anvil,2,24,2,11,25794072,read,357.45,True,
anvil,2,24,2,11,25794072,read,484.663,True,
anvil,2,24,2,11,25794072,discard,6.298,True,
anvil,2,24,2,12,25795072,acquire,2494.713,True,
anvil,2,24,2,12,25795072,read,533.22,True,
anvil,2,24,2,12,25795072,read,340.456,True,
anvil,2,24,2,12,25795072,read,339.59,True,
anvil,2,24,2,12,25795072,discard,3.827,True,
anvil,2,24,2,13,25794072,acquire,4449.161,True,
anvil,2,24,2,13,25794072,read,536.759,True,
anvil,2,24,2,13,25794072,read,345.517,True,
anvil,2,24,2,13,25794072,read,348.349,True,
anvil,2,24,2,13,25794072,discard,12.852,True,
anvil,2,24,2,14,25795072,acquire,4424.052,True,
anvil,2,24,2,14,25795072,read,538.083,True,
anvil,2,24,2,14,25795072,read,317.645,True,
anvil,2,24,2,14,25795072,read,357.034,True,
anvil,2,24,2,14,25795072,discard,2.771,True,
anvil,2,24,2,15,25794072,acquire,890.427,True,
anvil,2,24,2,15,25794072,read,705.708,True,
anvil,2,24,2,15,25794072,read,357.71,True,
anvil,2,24,2,15,25794072,read,478.815,True,
anvil,2,24,2,15,25794072,discard,5.463,True,
anvil,2,24,2,16,25795072,acquire,1828.35,True,
anvil,2,24,2,16,25795072,read,506.267,True,
anvil,2,24,2,16,25795072,read,342.003,True,
anvil,2,24,2,16,25795072,read,354.136,True,
anvil,2,24,2,16,25795072,discard,17.025,True,
anvil,2,24,2,17,25794072,acquire,4397.623,True,
anvil,2,24,2,17,25794072,read,537.974,True,
anvil,2,24,2,17,25794072,read,344.506,True,
anvil,2,24,2,17,25794072,read,346.656,True,
anvil,2,24,2,17,25794072,discard,4.13,True,
anvil,2,24,2,18,25795072,acquire,4374.645,True,
anvil,2,24,2,18,25795072,read,450.027,True,
anvil,2,24,2,18,25795072,read,379.808,True,
anvil,2,24,2,18,25795072,read,327.675,True,
anvil,2,24,2,18,25795072,discard,5.011,True,
anvil,2,24,2,19,25794072,acquire,2254.76,True,
anvil,2,24,2,19,25794072,read,646.525,True,
anvil,2,24,2,19,25794072,read,318.531,True,
anvil,2,24,2,19,25794072,read,386.899,True,
anvil,2,24,2,19,25794072,discard,4.325,True,
anvil,2,24,2,20,25795072,acquire,4368.421,True,
anvil,2,24,2,20,25795072,read,537.654,True,
anvil,2,24,2,20,25795072,read,321.419,True,
anvil,2,24,2,20,25795072,read,340.343,True,
anvil,2,24,2,20,25795072,discard,3.827,True,
anvil,2,24,2,21,25794072,acquire,4150.2,True,
anvil,2,24,2,21,25794072,read,654.3,True,
anvil,2,24,2,21,25794072,read,342.897,True,
anvil,2,24,2,21,25794072,read,380.999,True,
anvil,2,24,2,21,25794072,discard,5.553,True,
anvil,2,24,2,22,25795072,acquire,1813.142,True,
anvil,2,24,2,22,25795072,read,511.65,True,
anvil,2,24,2,22,25795072,read,335.771,True,
anvil,2,24,2,22,25795072,read,318.092,True,
anvil,2,24,2,22,25795072,discard,2.605,True,
anvil,2,24,2,23,25794072,acquire,4326.371,True,
anvil,2,24,2,23,25794072,read,448.479,True,
anvil,2,24,2,23,25794072,read,382.712,True,
anvil,2,24,2,23,25794072,read,343.328,True,
anvil,2,24,2,23,25794072,discard,6.476,True,
forkyard,4,24,1,0,25795072,acquire,188.668,True,
forkyard,4,24,1,0,25795072,read,1337.077,True,
forkyard,4,24,1,0,25795072,read,3504.144,True,
forkyard,4,24,1,0,25795072,read,1060.098,True,
forkyard,4,24,1,0,25795072,discard,6.945,True,
forkyard,4,24,1,1,25794072,acquire,166.567,True,
forkyard,4,24,1,1,25794072,read,1333.17,True,
forkyard,4,24,1,1,25794072,read,3140.735,True,
forkyard,4,24,1,1,25794072,read,1061.903,True,
forkyard,4,24,1,1,25794072,discard,358.997,True,
forkyard,4,24,1,2,25793072,acquire,158.862,True,
forkyard,4,24,1,2,25793072,read,1041.77,True,
forkyard,4,24,1,2,25793072,read,3449.445,True,
forkyard,4,24,1,2,25793072,read,1061.172,True,
forkyard,4,24,1,2,25793072,discard,358.434,True,
forkyard,4,24,1,3,25792072,acquire,534.854,True,
forkyard,4,24,1,3,25792072,read,3530.545,True,
forkyard,4,24,1,3,25792072,read,1389.757,True,
forkyard,4,24,1,3,25792072,read,686.453,True,
forkyard,4,24,1,3,25792072,discard,2.605,True,
forkyard,4,24,1,4,25795072,acquire,183.26,True,
forkyard,4,24,1,4,25795072,read,1190.6,True,
forkyard,4,24,1,4,25795072,read,3505.63,True,
forkyard,4,24,1,4,25795072,read,1053.948,True,
forkyard,4,24,1,4,25795072,discard,8.566,True,
forkyard,4,24,1,5,25794072,acquire,165.372,True,
forkyard,4,24,1,5,25794072,read,1336.809,True,
forkyard,4,24,1,5,25794072,read,3141.093,True,
forkyard,4,24,1,5,25794072,read,1078.221,True,
forkyard,4,24,1,5,25794072,discard,341.883,True,
forkyard,4,24,1,6,25793072,acquire,154.773,True,
forkyard,4,24,1,6,25793072,read,1041.36,True,
forkyard,4,24,1,6,25793072,read,3449.862,True,
forkyard,4,24,1,6,25793072,read,1059.792,True,
forkyard,4,24,1,6,25793072,discard,358.064,True,
forkyard,4,24,1,7,25792072,acquire,340.698,True,
forkyard,4,24,1,7,25792072,read,3678.169,True,
forkyard,4,24,1,7,25792072,read,1394.009,True,
forkyard,4,24,1,7,25792072,read,684.846,True,
forkyard,4,24,1,7,25792072,discard,2.109,True,
forkyard,4,24,1,8,25795072,acquire,179.218,True,
forkyard,4,24,1,8,25795072,read,1180.43,True,
forkyard,4,24,1,8,25795072,read,3507.472,True,
forkyard,4,24,1,8,25795072,read,1054.597,True,
forkyard,4,24,1,8,25795072,discard,10.041,True,
forkyard,4,24,1,9,25794072,acquire,163.129,True,
forkyard,4,24,1,9,25794072,read,1192.711,True,
forkyard,4,24,1,9,25794072,read,3133.346,True,
forkyard,4,24,1,9,25794072,read,1068.229,True,
forkyard,4,24,1,9,25794072,discard,354.61,True,
forkyard,4,24,1,10,25793072,acquire,153.558,True,
forkyard,4,24,1,10,25793072,read,1050.168,True,
forkyard,4,24,1,10,25793072,read,3440.552,True,
forkyard,4,24,1,10,25793072,read,1065.814,True,
forkyard,4,24,1,10,25793072,discard,357.367,True,
forkyard,4,24,1,11,25792072,acquire,338.786,True,
forkyard,4,24,1,11,25792072,read,3527.031,True,
forkyard,4,24,1,11,25792072,read,1391.726,True,
forkyard,4,24,1,11,25792072,read,689.509,True,
forkyard,4,24,1,11,25792072,discard,1.524,True,
forkyard,4,24,1,12,25795072,acquire,180.361,True,
forkyard,4,24,1,12,25795072,read,1336.814,True,
forkyard,4,24,1,12,25795072,read,3511.29,True,
forkyard,4,24,1,12,25795072,read,1053.739,True,
forkyard,4,24,1,12,25795072,discard,6.97,True,
forkyard,4,24,1,13,25794072,acquire,159.745,True,
forkyard,4,24,1,13,25794072,read,1342.815,True,
forkyard,4,24,1,13,25794072,read,3137.849,True,
forkyard,4,24,1,13,25794072,read,1067.645,True,
forkyard,4,24,1,13,25794072,discard,354.59,True,
forkyard,4,24,1,14,25793072,acquire,149.233,True,
forkyard,4,24,1,14,25793072,read,1050.217,True,
forkyard,4,24,1,14,25793072,read,3445.664,True,
forkyard,4,24,1,14,25793072,read,1062.148,True,
forkyard,4,24,1,14,25793072,discard,358.047,True,
forkyard,4,24,1,15,25792072,acquire,527.003,True,
forkyard,4,24,1,15,25792072,read,3444.547,True,
forkyard,4,24,1,15,25792072,read,1061.623,True,
forkyard,4,24,1,15,25792072,read,373.049,True,
forkyard,4,24,1,15,25792072,discard,3.628,True,
forkyard,4,24,1,16,25795072,acquire,179.579,True,
forkyard,4,24,1,16,25795072,read,1340.045,True,
forkyard,4,24,1,16,25795072,read,3502.95,True,
forkyard,4,24,1,16,25795072,read,1060.754,True,
forkyard,4,24,1,16,25795072,discard,5.467,True,
forkyard,4,24,1,17,25794072,acquire,155.97,True,
forkyard,4,24,1,17,25794072,read,1346.889,True,
forkyard,4,24,1,17,25794072,read,3133.983,True,
forkyard,4,24,1,17,25794072,read,1063.991,True,
forkyard,4,24,1,17,25794072,discard,358.578,True,
forkyard,4,24,1,18,25793072,acquire,150.684,True,
forkyard,4,24,1,18,25793072,read,1046.941,True,
forkyard,4,24,1,18,25793072,read,3440.459,True,
forkyard,4,24,1,18,25793072,read,1068.604,True,
forkyard,4,24,1,18,25793072,discard,358.835,True,
forkyard,4,24,1,19,25792072,acquire,525.576,True,
forkyard,4,24,1,19,25792072,read,3183.08,True,
forkyard,4,24,1,19,25792072,read,1389.692,True,
forkyard,4,24,1,19,25792072,read,686.001,True,
forkyard,4,24,1,19,25792072,discard,2.562,True,
forkyard,4,24,1,20,25795072,acquire,172.343,True,
forkyard,4,24,1,20,25795072,read,1185.799,True,
forkyard,4,24,1,20,25795072,read,3508.582,True,
forkyard,4,24,1,20,25795072,read,1055.877,True,
forkyard,4,24,1,20,25795072,discard,10.49,True,
forkyard,4,24,1,21,25794072,acquire,151.835,True,
forkyard,4,24,1,21,25794072,read,1331.996,True,
forkyard,4,24,1,21,25794072,read,3140.936,True,
forkyard,4,24,1,21,25794072,read,1059.667,True,
forkyard,4,24,1,21,25794072,discard,360.416,True,
forkyard,4,24,1,22,25793072,acquire,143.785,True,
forkyard,4,24,1,22,25793072,read,1043.24,True,
forkyard,4,24,1,22,25793072,read,3446.468,True,
forkyard,4,24,1,22,25793072,read,1067.205,True,
forkyard,4,24,1,22,25793072,discard,355.058,True,
forkyard,4,24,1,23,25792072,acquire,524.573,True,
forkyard,4,24,1,23,25792072,read,3172.13,True,
forkyard,4,24,1,23,25792072,read,1396.052,True,
forkyard,4,24,1,23,25792072,read,683.631,True,
forkyard,4,24,1,23,25792072,discard,3.929,True,
forkyard,4,24,2,0,25795072,acquire,5.953,True,
forkyard,4,24,2,0,25795072,read,61.128,True,
forkyard,4,24,2,0,25795072,read,93.731,True,
forkyard,4,24,2,0,25795072,read,54.205,True,
forkyard,4,24,2,0,25795072,discard,1.136,True,
forkyard,4,24,2,1,25794072,acquire,6.002,True,
forkyard,4,24,2,1,25794072,read,59.323,True,
forkyard,4,24,2,1,25794072,read,78.488,True,
forkyard,4,24,2,1,25794072,read,41.707,True,
forkyard,4,24,2,1,25794072,discard,8.043,True,
forkyard,4,24,2,2,25793072,acquire,15.63,True,
forkyard,4,24,2,2,25793072,read,86.042,True,
forkyard,4,24,2,2,25793072,read,63.155,True,
forkyard,4,24,2,2,25793072,read,38.735,True,
forkyard,4,24,2,2,25793072,discard,5.552,True,
forkyard,4,24,2,3,25792072,acquire,12.934,True,
forkyard,4,24,2,3,25792072,read,44.925,True,
forkyard,4,24,2,3,25792072,read,49.054,True,
forkyard,4,24,2,3,25792072,read,90.861,True,
forkyard,4,24,2,3,25792072,discard,7.543,True,
forkyard,4,24,2,4,25795072,acquire,7.281,True,
forkyard,4,24,2,4,25795072,read,59.292,True,
forkyard,4,24,2,4,25795072,read,70.77,True,
forkyard,4,24,2,4,25795072,read,47.853,True,
forkyard,4,24,2,4,25795072,discard,7.653,True,
forkyard,4,24,2,5,25794072,acquire,10.852,True,
forkyard,4,24,2,5,25794072,read,48.67,True,
forkyard,4,24,2,5,25794072,read,82.816,True,
forkyard,4,24,2,5,25794072,read,62.601,True,
forkyard,4,24,2,5,25794072,discard,4.143,True,
forkyard,4,24,2,6,25793072,acquire,7.489,True,
forkyard,4,24,2,6,25793072,read,58.946,True,
forkyard,4,24,2,6,25793072,read,56.26,True,
forkyard,4,24,2,6,25793072,read,59.781,True,
forkyard,4,24,2,6,25793072,discard,16.808,True,
forkyard,4,24,2,7,25792072,acquire,8.032,True,
forkyard,4,24,2,7,25792072,read,42.302,True,
forkyard,4,24,2,7,25792072,read,57.964,True,
forkyard,4,24,2,7,25792072,read,64.682,True,
forkyard,4,24,2,7,25792072,discard,14.992,True,
forkyard,4,24,2,8,25795072,acquire,11.855,True,
forkyard,4,24,2,8,25795072,read,63.296,True,
forkyard,4,24,2,8,25795072,read,78.13,True,
forkyard,4,24,2,8,25795072,read,38.783,True,
forkyard,4,24,2,8,25795072,discard,6.871,True,
forkyard,4,24,2,9,25794072,acquire,17.4,True,
forkyard,4,24,2,9,25794072,read,59.233,True,
forkyard,4,24,2,9,25794072,read,52.921,True,
forkyard,4,24,2,9,25794072,read,50.896,True,
forkyard,4,24,2,9,25794072,discard,9.161,True,
forkyard,4,24,2,10,25793072,acquire,14.482,True,
forkyard,4,24,2,10,25793072,read,42.512,True,
forkyard,4,24,2,10,25793072,read,79.437,True,
forkyard,4,24,2,10,25793072,read,34.819,True,
forkyard,4,24,2,10,25793072,discard,17.38,True,
forkyard,4,24,2,11,25792072,acquire,26.3,True,
forkyard,4,24,2,11,25792072,read,55.912,True,
forkyard,4,24,2,11,25792072,read,88.024,True,
forkyard,4,24,2,11,25792072,read,46.455,True,
forkyard,4,24,2,11,25792072,discard,3.605,True,
forkyard,4,24,2,12,25795072,acquire,23.789,True,
forkyard,4,24,2,12,25795072,read,48.419,True,
forkyard,4,24,2,12,25795072,read,63.098,True,
forkyard,4,24,2,12,25795072,read,54.613,True,
forkyard,4,24,2,12,25795072,discard,5.436,True,
forkyard,4,24,2,13,25794072,acquire,27.985,True,
forkyard,4,24,2,13,25794072,read,59.852,True,
forkyard,4,24,2,13,25794072,read,63.124,True,
forkyard,4,24,2,13,25794072,read,50.846,True,
forkyard,4,24,2,13,25794072,discard,7.028,True,
forkyard,4,24,2,14,25793072,acquire,11.102,True,
forkyard,4,24,2,14,25793072,read,40.519,True,
forkyard,4,24,2,14,25793072,read,68.322,True,
forkyard,4,24,2,14,25793072,read,51.679,True,
forkyard,4,24,2,14,25793072,discard,14.25,True,
forkyard,4,24,2,15,25792072,acquire,9.53,True,
forkyard,4,24,2,15,25792072,read,37.152,True,
forkyard,4,24,2,15,25792072,read,63.085,True,
forkyard,4,24,2,15,25792072,read,52.832,True,
forkyard,4,24,2,15,25792072,discard,11.79,True,
forkyard,4,24,2,16,25795072,acquire,26.233,True,
forkyard,4,24,2,16,25795072,read,44.339,True,
forkyard,4,24,2,16,25795072,read,75.861,True,
forkyard,4,24,2,16,25795072,read,52.989,True,
forkyard,4,24,2,16,25795072,discard,6.677,True,
forkyard,4,24,2,17,25794072,acquire,25.775,True,
forkyard,4,24,2,17,25794072,read,47.934,True,
forkyard,4,24,2,17,25794072,read,66.957,True,
forkyard,4,24,2,17,25794072,read,51.92,True,
forkyard,4,24,2,17,25794072,discard,11.126,True,
forkyard,4,24,2,18,25793072,acquire,24.845,True,
forkyard,4,24,2,18,25793072,read,42.089,True,
forkyard,4,24,2,18,25793072,read,73.453,True,
forkyard,4,24,2,18,25793072,read,41.305,True,
forkyard,4,24,2,18,25793072,discard,5.533,True,
forkyard,4,24,2,19,25792072,acquire,22.931,True,
forkyard,4,24,2,19,25792072,read,65.416,True,
forkyard,4,24,2,19,25792072,read,66.317,True,
forkyard,4,24,2,19,25792072,read,42.581,True,
forkyard,4,24,2,19,25792072,discard,8.047,True,
forkyard,4,24,2,20,25795072,acquire,28.978,True,
forkyard,4,24,2,20,25795072,read,59.878,True,
forkyard,4,24,2,20,25795072,read,54.704,True,
forkyard,4,24,2,20,25795072,read,42.287,True,
forkyard,4,24,2,20,25795072,discard,0.808,True,
forkyard,4,24,2,21,25794072,acquire,12.185,True,
forkyard,4,24,2,21,25794072,read,38.162,True,
forkyard,4,24,2,21,25794072,read,81.882,True,
forkyard,4,24,2,21,25794072,read,48.916,True,
forkyard,4,24,2,21,25794072,discard,4.917,True,
forkyard,4,24,2,22,25793072,acquire,18.795,True,
forkyard,4,24,2,22,25793072,read,51.938,True,
forkyard,4,24,2,22,25793072,read,69.841,True,
forkyard,4,24,2,22,25793072,read,49.243,True,
forkyard,4,24,2,22,25793072,discard,2.035,True,
forkyard,4,24,2,23,25792072,acquire,11.085,True,
forkyard,4,24,2,23,25792072,read,82.94,True,
forkyard,4,24,2,23,25792072,read,53.399,True,
forkyard,4,24,2,23,25792072,read,39.432,True,
forkyard,4,24,2,23,25792072,discard,3.536,True,
anvil,4,24,1,0,25795072,acquire,1367.729,True,
anvil,4,24,1,0,25795072,read,452.608,True,
anvil,4,24,1,0,25795072,read,365.933,True,
anvil,4,24,1,0,25795072,read,307.28,True,
anvil,4,24,1,0,25795072,discard,1.867,True,
anvil,4,24,1,1,25794072,acquire,1102.978,True,
anvil,4,24,1,1,25794072,read,497.197,True,
anvil,4,24,1,1,25794072,read,537.652,True,
anvil,4,24,1,1,25794072,read,526.77,True,
anvil,4,24,1,1,25794072,discard,3.81,True,
anvil,4,24,1,2,25793072,acquire,1480.108,True,
anvil,4,24,1,2,25793072,read,513.683,True,
anvil,4,24,1,2,25793072,read,388.361,True,
anvil,4,24,1,2,25793072,read,303.958,True,
anvil,4,24,1,2,25793072,discard,3.355,True,
anvil,4,24,1,3,25792072,acquire,1341.866,True,
anvil,4,24,1,3,25792072,read,448.29,True,
anvil,4,24,1,3,25792072,read,357.702,True,
anvil,4,24,1,3,25792072,read,312.763,True,
anvil,4,24,1,3,25792072,discard,2.386,True,
anvil,4,24,1,4,25795072,acquire,2403.526,True,
anvil,4,24,1,4,25795072,read,661.995,True,
anvil,4,24,1,4,25795072,read,324.957,True,
anvil,4,24,1,4,25795072,read,392.991,True,
anvil,4,24,1,4,25795072,discard,3.787,True,
anvil,4,24,1,5,25794072,acquire,1296.243,True,
anvil,4,24,1,5,25794072,read,714.248,True,
anvil,4,24,1,5,25794072,read,520.619,True,
anvil,4,24,1,5,25794072,read,512.176,True,
anvil,4,24,1,5,25794072,discard,3.616,True,
anvil,4,24,1,6,25793072,acquire,1126.628,True,
anvil,4,24,1,6,25793072,read,463.594,True,
anvil,4,24,1,6,25793072,read,534.349,True,
anvil,4,24,1,6,25793072,read,522.372,True,
anvil,4,24,1,6,25793072,discard,3.832,True,
anvil,4,24,1,7,25792072,acquire,2980.558,True,
anvil,4,24,1,7,25792072,read,491.884,True,
anvil,4,24,1,7,25792072,read,295.561,True,
anvil,4,24,1,7,25792072,read,375.151,True,
anvil,4,24,1,7,25792072,discard,3.797,True,
anvil,4,24,1,8,25795072,acquire,1537.548,True,
anvil,4,24,1,8,25795072,read,663.561,True,
anvil,4,24,1,8,25795072,read,351.098,True,
anvil,4,24,1,8,25795072,read,360.772,True,
anvil,4,24,1,8,25795072,discard,4.8,True,
anvil,4,24,1,9,25794072,acquire,1351.873,True,
anvil,4,24,1,9,25794072,read,685.064,True,
anvil,4,24,1,9,25794072,read,522.976,True,
anvil,4,24,1,9,25794072,read,338.162,True,
anvil,4,24,1,9,25794072,discard,3.077,True,
anvil,4,24,1,10,25793072,acquire,1302.262,True,
anvil,4,24,1,10,25793072,read,453.885,True,
anvil,4,24,1,10,25793072,read,556.405,True,
anvil,4,24,1,10,25793072,read,522.321,True,
anvil,4,24,1,10,25793072,discard,4.031,True,
anvil,4,24,1,11,25792072,acquire,1918.23,True,
anvil,4,24,1,11,25792072,read,526.93,True,
anvil,4,24,1,11,25792072,read,398.257,True,
anvil,4,24,1,11,25792072,read,306.924,True,
anvil,4,24,1,11,25792072,discard,1.561,True,
anvil,4,24,1,12,25795072,acquire,1700.078,True,
anvil,4,24,1,12,25795072,read,683.871,True,
anvil,4,24,1,12,25795072,read,299.863,True,
anvil,4,24,1,12,25795072,read,360.66,True,
anvil,4,24,1,12,25795072,discard,1.896,True,
anvil,4,24,1,13,25794072,acquire,4165.481,True,
anvil,4,24,1,13,25794072,read,474.214,True,
anvil,4,24,1,13,25794072,read,367.236,True,
anvil,4,24,1,13,25794072,read,293.135,True,
anvil,4,24,1,13,25794072,discard,3.804,True,
anvil,4,24,1,14,25793072,acquire,1977.889,True,
anvil,4,24,1,14,25793072,read,499.043,True,
anvil,4,24,1,14,25793072,read,384.621,True,
anvil,4,24,1,14,25793072,read,297.405,True,
anvil,4,24,1,14,25793072,discard,3.88,True,
anvil,4,24,1,15,25792072,acquire,5045.359,True,
anvil,4,24,1,15,25792072,read,531.768,True,
anvil,4,24,1,15,25792072,read,378.951,True,
anvil,4,24,1,15,25792072,read,292.672,True,
anvil,4,24,1,15,25792072,discard,3.796,True,
anvil,4,24,1,16,25795072,acquire,1958.96,True,
anvil,4,24,1,16,25795072,read,495.547,True,
anvil,4,24,1,16,25795072,read,400.995,True,
anvil,4,24,1,16,25795072,read,288.815,True,
anvil,4,24,1,16,25795072,discard,3.798,True,
anvil,4,24,1,17,25794072,acquire,1743.638,True,
anvil,4,24,1,17,25794072,read,532.754,True,
anvil,4,24,1,17,25794072,read,312.05,True,
anvil,4,24,1,17,25794072,read,354.432,True,
anvil,4,24,1,17,25794072,discard,1.418,True,
anvil,4,24,1,18,25793072,acquire,1328.404,True,
anvil,4,24,1,18,25793072,read,719.888,True,
anvil,4,24,1,18,25793072,read,515.543,True,
anvil,4,24,1,18,25793072,read,521.589,True,
anvil,4,24,1,18,25793072,discard,3.798,True,
anvil,4,24,1,19,25792072,acquire,1105.619,True,
anvil,4,24,1,19,25792072,read,484.048,True,
anvil,4,24,1,19,25792072,read,527.324,True,
anvil,4,24,1,19,25792072,read,521.343,True,
anvil,4,24,1,19,25792072,discard,3.81,True,
anvil,4,24,1,20,25795072,acquire,1723.942,True,
anvil,4,24,1,20,25795072,read,533.116,True,
anvil,4,24,1,20,25795072,read,312.564,True,
anvil,4,24,1,20,25795072,read,346.685,True,
anvil,4,24,1,20,25795072,discard,3.789,True,
anvil,4,24,1,21,25794072,acquire,3566.714,True,
anvil,4,24,1,21,25794072,read,442.156,True,
anvil,4,24,1,21,25794072,read,359.625,True,
anvil,4,24,1,21,25794072,read,299.294,True,
anvil,4,24,1,21,25794072,discard,3.803,True,
anvil,4,24,1,22,25793072,acquire,1906.425,True,
anvil,4,24,1,22,25793072,read,501.998,True,
anvil,4,24,1,22,25793072,read,378.989,True,
anvil,4,24,1,22,25793072,read,310.261,True,
anvil,4,24,1,22,25793072,discard,1.364,True,
anvil,4,24,1,23,25792072,acquire,1271.399,True,
anvil,4,24,1,23,25792072,read,558.421,True,
anvil,4,24,1,23,25792072,read,554.265,True,
anvil,4,24,1,23,25792072,read,529.778,True,
anvil,4,24,1,23,25792072,discard,3.812,True,
anvil,4,24,2,0,25795072,acquire,1133.387,True,
anvil,4,24,2,0,25795072,read,499.76,True,
anvil,4,24,2,0,25795072,read,336.679,True,
anvil,4,24,2,0,25795072,read,522.415,True,
anvil,4,24,2,0,25795072,discard,4.344,True,
anvil,4,24,2,1,25794072,acquire,1561.986,True,
anvil,4,24,2,1,25794072,read,684.177,True,
anvil,4,24,2,1,25794072,read,552.722,True,
anvil,4,24,2,1,25794072,read,314.817,True,
anvil,4,24,2,1,25794072,discard,4.324,True,
anvil,4,24,2,2,25793072,acquire,1142.522,True,
anvil,4,24,2,2,25793072,read,542.334,True,
anvil,4,24,2,2,25793072,read,537.954,True,
anvil,4,24,2,2,25793072,read,359.796,True,
anvil,4,24,2,2,25793072,discard,6.489,True,
anvil,4,24,2,3,25792072,acquire,1774.238,True,
anvil,4,24,2,3,25792072,read,683.904,True,
anvil,4,24,2,3,25792072,read,383.149,True,
anvil,4,24,2,3,25792072,read,328.042,True,
anvil,4,24,2,3,25792072,discard,3.044,True,
anvil,4,24,2,4,25795072,acquire,3581.161,True,
anvil,4,24,2,4,25795072,read,524.474,True,
anvil,4,24,2,4,25795072,read,303.935,True,
anvil,4,24,2,4,25795072,read,370.871,True,
anvil,4,24,2,4,25795072,discard,3.832,True,
anvil,4,24,2,5,25794072,acquire,1927.725,True,
anvil,4,24,2,5,25794072,read,896.312,True,
anvil,4,24,2,5,25794072,read,320.361,True,
anvil,4,24,2,5,25794072,read,302.99,True,
anvil,4,24,2,5,25794072,discard,4.029,True,
anvil,4,24,2,6,25793072,acquire,1520.013,True,
anvil,4,24,2,6,25793072,read,702.62,True,
anvil,4,24,2,6,25793072,read,507.816,True,
anvil,4,24,2,6,25793072,read,313.446,True,
anvil,4,24,2,6,25793072,discard,3.787,True,
anvil,4,24,2,7,25792072,acquire,120192.304,False,"RuntimeError('anvil on http://127.0.0.1:22127 did not become ready in 120.0s: HTTPConnectionPool(host=\'127.0.0.1\', port=22127): Max retries exceeded with url: / (Caused by NewConnectionError(""HTTPCo"
anvil,4,24,2,8,25795072,acquire,1493.427,True,
anvil,4,24,2,8,25795072,read,689.09,True,
anvil,4,24,2,8,25795072,read,349.963,True,
anvil,4,24,2,8,25795072,read,321.547,True,
anvil,4,24,2,8,25795072,discard,2.599,True,
anvil,4,24,2,9,25794072,acquire,1544.199,True,
anvil,4,24,2,9,25794072,read,700.42,True,
anvil,4,24,2,9,25794072,read,523.147,True,
anvil,4,24,2,9,25794072,read,330.312,True,
anvil,4,24,2,9,25794072,discard,4.609,True,
anvil,4,24,2,10,25793072,acquire,1501.75,True,
anvil,4,24,2,10,25793072,read,679.82,True,
anvil,4,24,2,10,25793072,read,531.629,True,
anvil,4,24,2,10,25793072,read,303.949,True,
anvil,4,24,2,10,25793072,discard,1.37,True,
anvil,4,24,2,11,25792072,acquire,1702.833,True,
anvil,4,24,2,11,25792072,read,676.242,True,
anvil,4,24,2,11,25792072,read,331.291,True,
anvil,4,24,2,11,25792072,read,379.383,True,
anvil,4,24,2,11,25792072,discard,6.272,True,
anvil,4,24,2,12,25795072,acquire,1554.407,True,
anvil,4,24,2,12,25795072,read,541.764,True,
anvil,4,24,2,12,25795072,read,377.546,True,
anvil,4,24,2,12,25795072,read,322.839,True,
anvil,4,24,2,12,25795072,discard,1.607,True,
anvil,4,24,2,13,25794072,acquire,1332.121,True,
anvil,4,24,2,13,25794072,read,496.598,True,
anvil,4,24,2,13,25794072,read,527.092,True,
anvil,4,24,2,13,25794072,read,524.921,True,
anvil,4,24,2,13,25794072,discard,1.302,True,
anvil,4,24,2,14,25793072,acquire,2375.567,True,
anvil,4,24,2,14,25793072,read,694.331,True,
anvil,4,24,2,14,25793072,read,303.636,True,
anvil,4,24,2,14,25793072,read,341.472,True,
anvil,4,24,2,14,25793072,discard,3.79,True,
anvil,4,24,2,15,25792072,acquire,2547.72,True,
anvil,4,24,2,15,25792072,read,507.215,True,
anvil,4,24,2,15,25792072,read,309.305,True,
anvil,4,24,2,15,25792072,read,346.336,True,
anvil,4,24,2,15,25792072,discard,1.362,True,
anvil,4,24,2,16,25795072,acquire,1952.459,True,
anvil,4,24,2,16,25795072,read,487.569,True,
anvil,4,24,2,16,25795072,read,379.656,True,
anvil,4,24,2,16,25795072,read,310.735,True,
anvil,4,24,2,16,25795072,discard,3.398,True,
anvil,4,24,2,17,25794072,acquire,1518.762,True,
anvil,4,24,2,17,25794072,read,534.937,True,
anvil,4,24,2,17,25794072,read,381.991,True,
anvil,4,24,2,17,25794072,read,324.552,True,
anvil,4,24,2,17,25794072,discard,1.594,True,
anvil,4,24,2,18,25793072,acquire,1725.271,True,
anvil,4,24,2,18,25793072,read,446.957,True,
anvil,4,24,2,18,25793072,read,536.53,True,
anvil,4,24,2,18,25793072,read,330.71,True,
anvil,4,24,2,18,25793072,discard,2.331,True,
anvil,4,24,2,19,25792072,acquire,5238.744,True,
anvil,4,24,2,19,25792072,read,575.65,True,
anvil,4,24,2,19,25792072,read,337.924,True,
anvil,4,24,2,19,25792072,read,295.725,True,
anvil,4,24,2,19,25792072,discard,3.808,True,
anvil,4,24,2,20,25795072,acquire,1492.188,True,
anvil,4,24,2,20,25795072,read,545.222,True,
anvil,4,24,2,20,25795072,read,374.097,True,
anvil,4,24,2,20,25795072,read,322.993,True,
anvil,4,24,2,20,25795072,discard,4.363,True,
anvil,4,24,2,21,25794072,acquire,1901.318,True,
anvil,4,24,2,21,25794072,read,483.497,True,
anvil,4,24,2,21,25794072,read,392.334,True,
anvil,4,24,2,21,25794072,read,305.437,True,
anvil,4,24,2,21,25794072,discard,3.845,True,
anvil,4,24,2,22,25793072,acquire,120044.669,False,"RuntimeError('anvil on http://127.0.0.1:22142 did not become ready in 120.0s: HTTPConnectionPool(host=\'127.0.0.1\', port=22142): Max retries exceeded with url: / (Caused by NewConnectionError(""HTTPCo"
anvil,4,24,2,23,25792072,acquire,838.209,True,
anvil,4,24,2,23,25792072,read,465.376,True,
anvil,4,24,2,23,25792072,read,538.997,True,
anvil,4,24,2,23,25792072,read,350.144,True,
anvil,4,24,2,23,25792072,discard,3.058,True,
forkyard,8,24,1,0,25795072,acquire,313.066,True,
forkyard,8,24,1,0,25795072,read,1268.633,True,
forkyard,8,24,1,0,25795072,read,1052.607,True,
forkyard,8,24,1,0,25795072,read,682.477,True,
forkyard,8,24,1,0,25795072,discard,356.115,True,
forkyard,8,24,1,1,25794072,acquire,156.601,True,
forkyard,8,24,1,1,25794072,read,1052.655,True,
forkyard,8,24,1,1,25794072,read,1395.229,True,
forkyard,8,24,1,1,25794072,read,1066.443,True,
forkyard,8,24,1,1,25794072,discard,357.486,True,
forkyard,8,24,1,2,25793072,acquire,316.407,True,
forkyard,8,24,1,2,25793072,read,1267.056,True,
forkyard,8,24,1,2,25793072,read,1097.636,True,
forkyard,8,24,1,2,25793072,read,996.891,True,
forkyard,8,24,1,2,25793072,discard,10.991,True,
forkyard,8,24,1,3,25792072,acquire,182.794,True,
forkyard,8,24,1,3,25792072,read,1740.732,True,
forkyard,8,24,1,3,25792072,read,1077.011,True,
forkyard,8,24,1,3,25792072,read,720.753,True,
forkyard,8,24,1,3,25792072,discard,6.693,True,
forkyard,8,24,1,4,25791072,acquire,319.944,True,
forkyard,8,24,1,4,25791072,read,1193.257,True,
forkyard,8,24,1,4,25791072,read,1069.257,True,
forkyard,8,24,1,4,25791072,read,745.551,True,
forkyard,8,24,1,4,25791072,discard,3.939,True,
forkyard,8,24,1,5,25790072,acquire,312.753,True,
forkyard,8,24,1,5,25790072,read,1567.673,True,
forkyard,8,24,1,5,25790072,read,796.607,True,
forkyard,8,24,1,5,25790072,read,994.904,True,
forkyard,8,24,1,5,25790072,discard,16.003,True,
forkyard,8,24,1,6,25789072,acquire,315.222,True,
forkyard,8,24,1,6,25789072,read,1263.58,True,
forkyard,8,24,1,6,25789072,read,1063.532,True,
forkyard,8,24,1,6,25789072,read,1034.924,True,
forkyard,8,24,1,6,25789072,discard,16.191,True,
forkyard,8,24,1,7,25788072,acquire,163.191,True,
forkyard,8,24,1,7,25788072,read,1445.889,True,
forkyard,8,24,1,7,25788072,read,1370.803,True,
forkyard,8,24,1,7,25788072,read,721.929,True,
forkyard,8,24,1,7,25788072,discard,4.397,True,
forkyard,8,24,1,8,25795072,acquire,315.918,True,
forkyard,8,24,1,8,25795072,read,1571.858,True,
forkyard,8,24,1,8,25795072,read,1072.861,True,
forkyard,8,24,1,8,25795072,read,739.289,True,
forkyard,8,24,1,8,25795072,discard,4.969,True,
forkyard,8,24,1,9,25794072,acquire,154.198,True,
forkyard,8,24,1,9,25794072,read,1419.696,True,
forkyard,8,24,1,9,25794072,read,1051.52,True,
forkyard,8,24,1,9,25794072,read,1063.507,True,
forkyard,8,24,1,9,25794072,discard,362.301,True,
forkyard,8,24,1,10,25793072,acquire,176.145,True,
forkyard,8,24,1,10,25793072,read,1421.499,True,
forkyard,8,24,1,10,25793072,read,1057.131,True,
forkyard,8,24,1,10,25793072,read,1038.108,True,
forkyard,8,24,1,10,25793072,discard,13.778,True,
forkyard,8,24,1,11,25792072,acquire,306.802,True,
forkyard,8,24,1,11,25792072,read,1266.64,True,
forkyard,8,24,1,11,25792072,read,1103.752,True,
forkyard,8,24,1,11,25792072,read,1017.527,True,
forkyard,8,24,1,11,25792072,discard,3.869,True,
forkyard,8,24,1,12,25791072,acquire,309.11,True,
forkyard,8,24,1,12,25791072,read,1574.008,True,
forkyard,8,24,1,12,25791072,read,1070.375,True,
forkyard,8,24,1,12,25791072,read,739.981,True,
forkyard,8,24,1,12,25791072,discard,5.519,True,
forkyard,8,24,1,13,25790072,acquire,310.092,True,
forkyard,8,24,1,13,25790072,read,1569.064,True,
forkyard,8,24,1,13,25790072,read,1071.808,True,
forkyard,8,24,1,13,25790072,read,722.762,True,
forkyard,8,24,1,13,25790072,discard,16.806,True,
forkyard,8,24,1,14,25789072,acquire,303.407,True,
forkyard,8,24,1,14,25789072,read,1575.501,True,
forkyard,8,24,1,14,25789072,read,1064.273,True,
forkyard,8,24,1,14,25789072,read,721.487,True,
forkyard,8,24,1,14,25789072,discard,10.942,True,
forkyard,8,24,1,15,25788072,acquire,310.41,True,
forkyard,8,24,1,15,25788072,read,1571.663,True,
forkyard,8,24,1,15,25788072,read,1068.9,True,
forkyard,8,24,1,15,25788072,read,747.978,True,
forkyard,8,24,1,15,25788072,discard,1.845,True,
forkyard,8,24,1,16,25795072,acquire,160.505,True,
forkyard,8,24,1,16,25795072,read,1414.505,True,
forkyard,8,24,1,16,25795072,read,1055.67,True,
forkyard,8,24,1,16,25795072,read,684.565,True,
forkyard,8,24,1,16,25795072,discard,354.775,True,
forkyard,8,24,1,17,25794072,acquire,146.015,True,
forkyard,8,24,1,17,25794072,read,1053.046,True,
forkyard,8,24,1,17,25794072,read,1787.033,True,
forkyard,8,24,1,17,25794072,read,1034.142,True,
forkyard,8,24,1,17,25794072,discard,13.912,True,
forkyard,8,24,1,18,25793072,acquire,303.733,True,
forkyard,8,24,1,18,25793072,read,1564.769,True,
forkyard,8,24,1,18,25793072,read,1071.799,True,
forkyard,8,24,1,18,25793072,read,744.513,True,
forkyard,8,24,1,18,25793072,discard,3.552,True,
forkyard,8,24,1,19,25792072,acquire,308.745,True,
forkyard,8,24,1,19,25792072,read,1573.918,True,
forkyard,8,24,1,19,25792072,read,1074.369,True,
forkyard,8,24,1,19,25792072,read,736.692,True,
forkyard,8,24,1,19,25792072,discard,7.006,True,
forkyard,8,24,1,20,25791072,acquire,336.093,True,
forkyard,8,24,1,20,25791072,read,1436.09,True,
forkyard,8,24,1,20,25791072,read,1373.378,True,
forkyard,8,24,1,20,25791072,read,723.684,True,
forkyard,8,24,1,20,25791072,discard,3.081,True,
forkyard,8,24,1,21,25790072,acquire,349.371,True,
forkyard,8,24,1,21,25790072,read,1732.645,True,
forkyard,8,24,1,21,25790072,read,1074.061,True,
forkyard,8,24,1,21,25790072,read,725.556,True,
forkyard,8,24,1,21,25790072,discard,4.074,True,
forkyard,8,24,1,22,25789072,acquire,310.92,True,
forkyard,8,24,1,22,25789072,read,1260.53,True,
forkyard,8,24,1,22,25789072,read,1057.184,True,
forkyard,8,24,1,22,25789072,read,1039.478,True,
forkyard,8,24,1,22,25789072,discard,14.227,True,
forkyard,8,24,1,23,25788072,acquire,297.371,True,
forkyard,8,24,1,23,25788072,read,1198.085,True,
forkyard,8,24,1,23,25788072,read,795.851,True,
forkyard,8,24,1,23,25788072,read,1018.284,True,
forkyard,8,24,1,23,25788072,discard,4.443,True,
forkyard,8,24,2,0,25795072,acquire,8.631,True,
forkyard,8,24,2,0,25795072,read,53.082,True,
forkyard,8,24,2,0,25795072,read,59.795,True,
forkyard,8,24,2,0,25795072,read,52.34,True,
forkyard,8,24,2,0,25795072,discard,11.209,True,
forkyard,8,24,2,1,25794072,acquire,7.355,True,
forkyard,8,24,2,1,25794072,read,74.544,True,
forkyard,8,24,2,1,25794072,read,49.536,True,
forkyard,8,24,2,1,25794072,read,55.361,True,
forkyard,8,24,2,1,25794072,discard,10.197,True,
forkyard,8,24,2,2,25793072,acquire,4.78,True,
forkyard,8,24,2,2,25793072,read,48.679,True,
forkyard,8,24,2,2,25793072,read,45.079,True,
forkyard,8,24,2,2,25793072,read,59.618,True,
forkyard,8,24,2,2,25793072,discard,11.261,True,
forkyard,8,24,2,3,25792072,acquire,10.87,True,
forkyard,8,24,2,3,25792072,read,49.607,True,
forkyard,8,24,2,3,25792072,read,81.144,True,
forkyard,8,24,2,3,25792072,read,39.381,True,
forkyard,8,24,2,3,25792072,discard,10.224,True,
forkyard,8,24,2,4,25791072,acquire,7.706,True,
forkyard,8,24,2,4,25791072,read,56.894,True,
forkyard,8,24,2,4,25791072,read,83.975,True,
forkyard,8,24,2,4,25791072,read,53.354,True,
forkyard,8,24,2,4,25791072,discard,3.77,True,
forkyard,8,24,2,5,25790072,acquire,10.848,True,
forkyard,8,24,2,5,25790072,read,52.445,True,
forkyard,8,24,2,5,25790072,read,59.339,True,
forkyard,8,24,2,5,25790072,read,43.692,True,
forkyard,8,24,2,5,25790072,discard,18.769,True,
forkyard,8,24,2,6,25789072,acquire,13.259,True,
forkyard,8,24,2,6,25789072,read,49.388,True,
forkyard,8,24,2,6,25789072,read,59.878,True,
forkyard,8,24,2,6,25789072,read,60.445,True,
forkyard,8,24,2,6,25789072,discard,10.964,True,
forkyard,8,24,2,7,25788072,acquire,18.562,True,
forkyard,8,24,2,7,25788072,read,55.037,True,
forkyard,8,24,2,7,25788072,read,70.781,True,
forkyard,8,24,2,7,25788072,read,51.511,True,
forkyard,8,24,2,7,25788072,discard,12.012,True,
forkyard,8,24,2,8,25795072,acquire,11.588,True,
forkyard,8,24,2,8,25795072,read,50.807,True,
forkyard,8,24,2,8,25795072,read,79.43,True,
forkyard,8,24,2,8,25795072,read,52.742,True,
forkyard,8,24,2,8,25795072,discard,5.637,True,
forkyard,8,24,2,9,25794072,acquire,14.007,True,
forkyard,8,24,2,9,25794072,read,58.568,True,
forkyard,8,24,2,9,25794072,read,91.184,True,
forkyard,8,24,2,9,25794072,read,34.887,True,
forkyard,8,24,2,9,25794072,discard,4.084,True,
forkyard,8,24,2,10,25793072,acquire,13.042,True,
forkyard,8,24,2,10,25793072,read,57.18,True,
forkyard,8,24,2,10,25793072,read,71.808,True,
forkyard,8,24,2,10,25793072,read,48.006,True,
forkyard,8,24,2,10,25793072,discard,9.692,True,
forkyard,8,24,2,11,25792072,acquire,8.325,True,
forkyard,8,24,2,11,25792072,read,52.886,True,
forkyard,8,24,2,11,25792072,read,77.794,True,
forkyard,8,24,2,11,25792072,read,45.806,True,
forkyard,8,24,2,11,25792072,discard,2.516,True,
forkyard,8,24,2,12,25791072,acquire,4.8,True,
forkyard,8,24,2,12,25791072,read,34.936,True,
forkyard,8,24,2,12,25791072,read,42.403,True,
forkyard,8,24,2,12,25791072,read,66.275,True,
forkyard,8,24,2,12,25791072,discard,6.071,True,
forkyard,8,24,2,13,25790072,acquire,12.39,True,
forkyard,8,24,2,13,25790072,read,49.512,True,
forkyard,8,24,2,13,25790072,read,75.996,True,
forkyard,8,24,2,13,25790072,read,36.235,True,
forkyard,8,24,2,13,25790072,discard,9.795,True,
forkyard,8,24,2,14,25789072,acquire,14.192,True,
forkyard,8,24,2,14,25789072,read,39.372,True,
forkyard,8,24,2,14,25789072,read,85.833,True,
forkyard,8,24,2,14,25789072,read,47.112,True,
forkyard,8,24,2,14,25789072,discard,6.023,True,
forkyard,8,24,2,15,25788072,acquire,26.596,True,
forkyard,8,24,2,15,25788072,read,52.634,True,
forkyard,8,24,2,15,25788072,read,71.207,True,
forkyard,8,24,2,15,25788072,read,43.958,True,
forkyard,8,24,2,15,25788072,discard,7.323,True,
forkyard,8,24,2,16,25795072,acquire,9.646,True,
forkyard,8,24,2,16,25795072,read,53.805,True,
forkyard,8,24,2,16,25795072,read,80.897,True,
forkyard,8,24,2,16,25795072,read,49.384,True,
forkyard,8,24,2,16,25795072,discard,3.288,True,
forkyard,8,24,2,17,25794072,acquire,28.576,True,
forkyard,8,24,2,17,25794072,read,61.787,True,
forkyard,8,24,2,17,25794072,read,65.241,True,
forkyard,8,24,2,17,25794072,read,45.368,True,
forkyard,8,24,2,17,25794072,discard,8.24,True,
forkyard,8,24,2,18,25793072,acquire,26.71,True,
forkyard,8,24,2,18,25793072,read,59.166,True,
forkyard,8,24,2,18,25793072,read,72.267,True,
forkyard,8,24,2,18,25793072,read,40.717,True,
forkyard,8,24,2,18,25793072,discard,5.1,True,
forkyard,8,24,2,19,25792072,acquire,24.989,True,
forkyard,8,24,2,19,25792072,read,64.851,True,
forkyard,8,24,2,19,25792072,read,52.566,True,
forkyard,8,24,2,19,25792072,read,38.314,True,
forkyard,8,24,2,19,25792072,discard,8.268,True,
forkyard,8,24,2,20,25791072,acquire,27.129,True,
forkyard,8,24,2,20,25791072,read,64.512,True,
forkyard,8,24,2,20,25791072,read,63.424,True,
forkyard,8,24,2,20,25791072,read,30.649,True,
forkyard,8,24,2,20,25791072,discard,1.41,True,
forkyard,8,24,2,21,25790072,acquire,25.622,True,
forkyard,8,24,2,21,25790072,read,50.658,True,
forkyard,8,24,2,21,25790072,read,72.139,True,
forkyard,8,24,2,21,25790072,read,34.591,True,
forkyard,8,24,2,21,25790072,discard,3.513,True,
forkyard,8,24,2,22,25789072,acquire,14.876,True,
forkyard,8,24,2,22,25789072,read,57.346,True,
forkyard,8,24,2,22,25789072,read,64.565,True,
forkyard,8,24,2,22,25789072,read,33.576,True,
forkyard,8,24,2,22,25789072,discard,1.723,True,
forkyard,8,24,2,23,25788072,acquire,18.196,True,
forkyard,8,24,2,23,25788072,read,64.02,True,
forkyard,8,24,2,23,25788072,read,59.367,True,
forkyard,8,24,2,23,25788072,read,26.041,True,
forkyard,8,24,2,23,25788072,discard,3.691,True,
anvil,8,24,1,0,25795072,acquire,1977.215,True,
anvil,8,24,1,0,25795072,read,478.811,True,
anvil,8,24,1,0,25795072,read,523.47,True,
anvil,8,24,1,0,25795072,read,519.436,True,
anvil,8,24,1,0,25795072,discard,3.983,True,
anvil,8,24,1,1,25794072,acquire,2125.192,True,
anvil,8,24,1,1,25794072,read,501.691,True,
anvil,8,24,1,1,25794072,read,321.346,True,
anvil,8,24,1,1,25794072,read,336.558,True,
anvil,8,24,1,1,25794072,discard,4.638,True,
anvil,8,24,1,2,25793072,acquire,3224.973,True,
anvil,8,24,1,2,25793072,read,428.206,True,
anvil,8,24,1,2,25793072,read,286.676,True,
anvil,8,24,1,2,25793072,read,349.528,True,
anvil,8,24,1,2,25793072,discard,4.402,True,
anvil,8,24,1,3,25792072,acquire,3621.69,True,
anvil,8,24,1,3,25792072,read,469.814,True,
anvil,8,24,1,3,25792072,read,390.225,True,
anvil,8,24,1,3,25792072,read,305.69,True,
anvil,8,24,1,3,25792072,discard,3.977,True,
anvil,8,24,1,4,25791072,acquire,2581.017,True,
anvil,8,24,1,4,25791072,read,514.501,True,
anvil,8,24,1,4,25791072,read,302.418,True,
anvil,8,24,1,4,25791072,read,365.796,True,
anvil,8,24,1,4,25791072,discard,3.825,True,
anvil,8,24,1,5,25790072,acquire,1517.307,True,
anvil,8,24,1,5,25790072,read,567.096,True,
anvil,8,24,1,5,25790072,read,363.96,True,
anvil,8,24,1,5,25790072,read,371.752,True,
anvil,8,24,1,5,25790072,discard,4.49,True,
anvil,8,24,1,6,25789072,acquire,2604.7,True,
anvil,8,24,1,6,25789072,read,495.02,True,
anvil,8,24,1,6,25789072,read,300.977,True,
anvil,8,24,1,6,25789072,read,368.478,True,
anvil,8,24,1,6,25789072,discard,1.384,True,
anvil,8,24,1,7,25788072,acquire,3377.795,True,
anvil,8,24,1,7,25788072,read,508.783,True,
anvil,8,24,1,7,25788072,read,375.918,True,
anvil,8,24,1,7,25788072,read,394.14,True,
anvil,8,24,1,7,25788072,discard,4.392,True,
anvil,8,24,1,8,25795072,acquire,1561.977,True,
anvil,8,24,1,8,25795072,read,561.021,True,
anvil,8,24,1,8,25795072,read,366.49,True,
anvil,8,24,1,8,25795072,read,320.041,True,
anvil,8,24,1,8,25795072,discard,2.73,True,
anvil,8,24,1,9,25794072,acquire,4038.68,True,
anvil,8,24,1,9,25794072,read,532.478,True,
anvil,8,24,1,9,25794072,read,305.453,True,
anvil,8,24,1,9,25794072,read,361.083,True,
anvil,8,24,1,9,25794072,discard,3.848,True,
anvil,8,24,1,10,25793072,acquire,1536.667,True,
anvil,8,24,1,10,25793072,read,559.532,True,
anvil,8,24,1,10,25793072,read,365.574,True,
anvil,8,24,1,10,25793072,read,321.519,True,
anvil,8,24,1,10,25793072,discard,4.591,True,
anvil,8,24,1,11,25792072,acquire,5231.668,True,
anvil,8,24,1,11,25792072,read,520.184,True,
anvil,8,24,1,11,25792072,read,377.546,True,
anvil,8,24,1,11,25792072,read,303.388,True,
anvil,8,24,1,11,25792072,discard,3.825,True,
anvil,8,24,1,12,25791072,acquire,1315.81,True,
anvil,8,24,1,12,25791072,read,435.526,True,
anvil,8,24,1,12,25791072,read,592.413,True,
anvil,8,24,1,12,25791072,read,519.936,True,
anvil,8,24,1,12,25791072,discard,4.113,True,
anvil,8,24,1,13,25790072,acquire,4210.403,True,
anvil,8,24,1,13,25790072,read,551.671,True,
anvil,8,24,1,13,25790072,read,361.296,True,
anvil,8,24,1,13,25790072,read,308.245,True,
anvil,8,24,1,13,25790072,discard,3.637,True,
anvil,8,24,1,14,25789072,acquire,1946.124,True,
anvil,8,24,1,14,25789072,read,527.443,True,
anvil,8,24,1,14,25789072,read,504.091,True,
anvil,8,24,1,14,25789072,read,510.233,True,
anvil,8,24,1,14,25789072,discard,3.804,True,
anvil,8,24,1,15,25788072,acquire,1322.702,True,
anvil,8,24,1,15,25788072,read,452.145,True,
anvil,8,24,1,15,25788072,read,538.261,True,
anvil,8,24,1,15,25788072,read,526.62,True,
anvil,8,24,1,15,25788072,discard,3.861,True,
anvil,8,24,1,16,25795072,acquire,1312.261,True,
anvil,8,24,1,16,25795072,read,456.826,True,
anvil,8,24,1,16,25795072,read,536.722,True,
anvil,8,24,1,16,25795072,read,348.234,True,
anvil,8,24,1,16,25795072,discard,3.818,True,
anvil,8,24,1,17,25794072,acquire,1954.312,True,
anvil,8,24,1,17,25794072,read,512.865,True,
anvil,8,24,1,17,25794072,read,325.818,True,
anvil,8,24,1,17,25794072,read,353.583,True,
anvil,8,24,1,17,25794072,discard,3.809,True,
anvil,8,24,1,18,25793072,acquire,120135.293,False,"RuntimeError('anvil on http://127.0.0.1:22162 did not become ready in 120.0s: HTTPConnectionPool(host=\'127.0.0.1\', port=22162): Max retries exceeded with url: / (Caused by NewConnectionError(""HTTPCo"
anvil,8,24,1,19,25792072,acquire,884.771,True,
anvil,8,24,1,19,25792072,read,662.101,True,
anvil,8,24,1,19,25792072,read,538.279,True,
anvil,8,24,1,19,25792072,read,362.993,True,
anvil,8,24,1,19,25792072,discard,4.203,True,
anvil,8,24,1,20,25791072,acquire,1300.865,True,
anvil,8,24,1,20,25791072,read,736.704,True,
anvil,8,24,1,20,25791072,read,310.834,True,
anvil,8,24,1,20,25791072,read,368.165,True,
anvil,8,24,1,20,25791072,discard,4.151,True,
anvil,8,24,1,21,25790072,acquire,4188.914,True,
anvil,8,24,1,21,25790072,read,505.542,True,
anvil,8,24,1,21,25790072,read,361.809,True,
anvil,8,24,1,21,25790072,read,308.407,True,
anvil,8,24,1,21,25790072,discard,3.834,True,
anvil,8,24,1,22,25789072,acquire,2732.266,True,
anvil,8,24,1,22,25789072,read,508.83,True,
anvil,8,24,1,22,25789072,read,364.449,True,
anvil,8,24,1,22,25789072,read,376.535,True,
anvil,8,24,1,22,25789072,discard,3.842,True,
anvil,8,24,1,23,25788072,acquire,1691.678,True,
anvil,8,24,1,23,25788072,read,717.713,True,
anvil,8,24,1,23,25788072,read,324.423,True,
anvil,8,24,1,23,25788072,read,326.29,True,
anvil,8,24,1,23,25788072,discard,3.876,True,
anvil,8,24,2,0,25795072,acquire,1316.535,True,
anvil,8,24,2,0,25795072,read,514.421,True,
anvil,8,24,2,0,25795072,read,292.711,True,
anvil,8,24,2,0,25795072,read,357.573,True,
anvil,8,24,2,0,25795072,discard,4.667,True,
anvil,8,24,2,1,25794072,acquire,2336.519,True,
anvil,8,24,2,1,25794072,read,533.496,True,
anvil,8,24,2,1,25794072,read,305.783,True,
anvil,8,24,2,1,25794072,read,526.646,True,
anvil,8,24,2,1,25794072,discard,3.801,True,
anvil,8,24,2,2,25793072,acquire,1305.425,True,
anvil,8,24,2,2,25793072,read,668.323,True,
anvil,8,24,2,2,25793072,read,524.008,True,
anvil,8,24,2,2,25793072,read,351.905,True,
anvil,8,24,2,2,25793072,discard,4.074,True,
anvil,8,24,2,3,25792072,acquire,2785.079,True,
anvil,8,24,2,3,25792072,read,675.844,True,
anvil,8,24,2,3,25792072,read,376.177,True,
anvil,8,24,2,3,25792072,read,307.071,True,
anvil,8,24,2,3,25792072,discard,3.802,True,
anvil,8,24,2,4,25791072,acquire,120041.973,False,"RuntimeError('anvil on http://127.0.0.1:22172 did not become ready in 120.0s: HTTPConnectionPool(host=\'127.0.0.1\', port=22172): Max retries exceeded with url: / (Caused by NewConnectionError(""HTTPCo"
anvil,8,24,2,5,25790072,acquire,120050.272,False,"RuntimeError('anvil on http://127.0.0.1:22173 did not become ready in 120.0s: HTTPConnectionPool(host=\'127.0.0.1\', port=22173): Max retries exceeded with url: / (Caused by NewConnectionError(""HTTPCo"
anvil,8,24,2,6,25789072,acquire,8188.265,True,
anvil,8,24,2,6,25789072,read,520.128,True,
anvil,8,24,2,6,25789072,read,373.613,True,
anvil,8,24,2,6,25789072,read,299.735,True,
anvil,8,24,2,6,25789072,discard,4.038,True,
anvil,8,24,2,7,25788072,acquire,120026.533,False,"RuntimeError('anvil on http://127.0.0.1:22175 did not become ready in 120.0s: HTTPConnectionPool(host=\'127.0.0.1\', port=22175): Max retries exceeded with url: / (Caused by NewConnectionError(""HTTPCo"
anvil,8,24,2,8,25795072,acquire,1746.498,True,
anvil,8,24,2,8,25795072,read,521.597,True,
anvil,8,24,2,8,25795072,read,371.951,True,
anvil,8,24,2,8,25795072,read,511.625,True,
anvil,8,24,2,8,25795072,discard,3.911,True,
anvil,8,24,2,9,25794072,acquire,2976.157,True,
anvil,8,24,2,9,25794072,read,683.428,True,
anvil,8,24,2,9,25794072,read,312.994,True,
anvil,8,24,2,9,25794072,read,376.585,True,
anvil,8,24,2,9,25794072,discard,3.79,True,
anvil,8,24,2,10,25793072,acquire,8151.18,True,
anvil,8,24,2,10,25793072,read,512.33,True,
anvil,8,24,2,10,25793072,read,379.516,True,
anvil,8,24,2,10,25793072,read,302.484,True,
anvil,8,24,2,10,25793072,discard,3.792,True,
anvil,8,24,2,11,25792072,acquire,120198.072,False,"RuntimeError('anvil on http://127.0.0.1:22179 did not become ready in 120.0s: HTTPConnectionPool(host=\'127.0.0.1\', port=22179): Max retries exceeded with url: / (Caused by NewConnectionError(""HTTPCo"
anvil,8,24,2,12,25791072,acquire,120188.786,False,"RuntimeError('anvil on http://127.0.0.1:22180 did not become ready in 120.0s: HTTPConnectionPool(host=\'127.0.0.1\', port=22180): Max retries exceeded with url: / (Caused by NewConnectionError(""HTTPCo"
anvil,8,24,2,13,25790072,acquire,2318.484,True,
anvil,8,24,2,13,25790072,read,441.019,True,
anvil,8,24,2,13,25790072,read,302.479,True,
anvil,8,24,2,13,25790072,read,532.879,True,
anvil,8,24,2,13,25790072,discard,4.016,True,
anvil,8,24,2,14,25789072,acquire,2751.516,True,
anvil,8,24,2,14,25789072,read,668.947,True,
anvil,8,24,2,14,25789072,read,365.627,True,
anvil,8,24,2,14,25789072,read,307.495,True,
anvil,8,24,2,14,25789072,discard,3.872,True,
anvil,8,24,2,15,25788072,acquire,120137.712,False,"RuntimeError('anvil on http://127.0.0.1:22183 did not become ready in 120.0s: HTTPConnectionPool(host=\'127.0.0.1\', port=22183): Max retries exceeded with url: / (Caused by NewConnectionError(""HTTPCo"
anvil,8,24,2,16,25795072,acquire,120151.56,False,"RuntimeError('anvil on http://127.0.0.1:22184 did not become ready in 120.0s: HTTPConnectionPool(host=\'127.0.0.1\', port=22184): Max retries exceeded with url: / (Caused by NewConnectionError(""HTTPCo"
anvil,8,24,2,17,25794072,acquire,120143.955,False,"RuntimeError('anvil on http://127.0.0.1:22185 did not become ready in 120.0s: HTTPConnectionPool(host=\'127.0.0.1\', port=22185): Max retries exceeded with url: / (Caused by NewConnectionError(""HTTPCo"
anvil,8,24,2,18,25793072,acquire,120133.207,False,"RuntimeError('anvil on http://127.0.0.1:22186 did not become ready in 120.0s: HTTPConnectionPool(host=\'127.0.0.1\', port=22186): Max retries exceeded with url: / (Caused by NewConnectionError(""HTTPCo"
anvil,8,24,2,19,25792072,acquire,1508.811,True,
anvil,8,24,2,19,25792072,read,447.638,True,
anvil,8,24,2,19,25792072,read,354.102,True,
anvil,8,24,2,19,25792072,read,286.884,True,
anvil,8,24,2,19,25792072,discard,3.808,True,
anvil,8,24,2,20,25791072,acquire,120112.37,False,"RuntimeError('anvil on http://127.0.0.1:22188 did not become ready in 120.0s: HTTPConnectionPool(host=\'127.0.0.1\', port=22188): Max retries exceeded with url: / (Caused by NewConnectionError(""HTTPCo"
anvil,8,24,2,21,25790072,acquire,120103.079,False,"RuntimeError('anvil on http://127.0.0.1:22189 did not become ready in 120.0s: HTTPConnectionPool(host=\'127.0.0.1\', port=22189): Max retries exceeded with url: / (Caused by NewConnectionError(""HTTPCo"
anvil,8,24,2,22,25789072,acquire,120094.498,False,"RuntimeError('anvil on http://127.0.0.1:22190 did not become ready in 120.0s: HTTPConnectionPool(host=\'127.0.0.1\', port=22190): Max retries exceeded with url: / (Caused by NewConnectionError(""HTTPCo"
anvil,8,24,2,23,25788072,acquire,120085.917,False,"RuntimeError('anvil on http://127.0.0.1:22191 did not become ready in 120.0s: HTTPConnectionPool(host=\'127.0.0.1\', port=22191): Max retries exceeded with url: / (Caused by NewConnectionError(""HTTPCo"
