arm,branches,phase,branch_id,elapsed_ms,ok,error,isolation_violations,jsonrpc_calls
forkyard-branch,2,prefix,-1,4.426541010616347,True,,0,
forkyard-branch,2,prefix,-1,3.336374997161329,True,,0,
forkyard-branch,2,prefix,-1,692.5690000061877,True,,0,
forkyard-branch,2,prefix,-1,1888.1217919988558,True,,0,
forkyard-branch,2,prefix,-1,155.46949999406934,True,,0,
forkyard-branch,2,prefix,-1,146.0434170148801,True,,0,
forkyard-branch,2,branch_create,0,2.4335829948540777,True,,0,
forkyard-branch,2,branch_create,1,1.691834011580795,True,,0,
forkyard-branch,2,branch_action,0,6.233499996596947,True,,0,
forkyard-branch,2,branch_action,0,4.499792004935443,True,,0,
forkyard-branch,2,branch_action,0,15.94650000333786,True,,0,
forkyard-branch,2,branch_action,0,10.349958000006154,True,,0,
forkyard-branch,2,branch_action,1,4.817375011043623,True,,0,
forkyard-branch,2,branch_action,1,4.543457995168865,True,,0,
forkyard-branch,2,branch_action,1,206.35129199945368,True,,0,
forkyard-branch,2,branch_action,1,18.775207980070263,True,,0,
forkyard-branch,2,total,-1,3363.7,True,,0,
anvil-snapshot,2,prefix,-1,2.834332990460098,True,,0,
anvil-snapshot,2,prefix,-1,153.9831249974668,True,,0,
anvil-snapshot,2,prefix,-1,755.392416001996,True,,0,
anvil-snapshot,2,prefix,-1,2072.234124992974,True,,0,
anvil-snapshot,2,prefix,-1,519.1070419969037,True,,0,
anvil-snapshot,2,prefix,-1,166.7157500050962,True,,0,
anvil-snapshot,2,branch_action,0,3.1318329856730998,True,,0,
anvil-snapshot,2,branch_action,0,3.5515000054147094,True,,0,
anvil-snapshot,2,branch_action,0,263.14237498445436,True,,0,
anvil-snapshot,2,branch_action,0,365.21849999553524,True,,0,
anvil-snapshot,2,branch_create,0,6.406875007087365,True,,0,
anvil-snapshot,2,branch_action,1,2.7065000031143427,True,,0,
anvil-snapshot,2,branch_action,1,3.85187502251938,True,,0,
anvil-snapshot,2,branch_action,1,505.9567090065684,True,,0,
anvil-snapshot,2,branch_action,1,269.16729199001566,True,,0,
anvil-snapshot,2,branch_create,1,4.04195801820606,True,,0,
anvil-snapshot,2,total,-1,6113.3,True,,0,
anvil-processes,2,prefix,0,4.554750019451603,True,,0,
anvil-processes,2,prefix,0,155.6210000126157,True,,0,
anvil-processes,2,prefix,0,842.0369169907644,True,,0,
anvil-processes,2,prefix,0,2101.560667011654,True,,0,
anvil-processes,2,prefix,0,526.2623750022613,True,,0,
anvil-processes,2,prefix,0,163.03383398917504,True,,0,
anvil-processes,2,branch_create,0,4995.662458008155,True,,0,
anvil-processes,2,branch_action,0,8.162166021065786,True,,0,
anvil-processes,2,branch_action,0,3.3368330041412264,True,,0,
anvil-processes,2,branch_action,0,274.8540840111673,True,,0,
anvil-processes,2,branch_action,0,337.56349998293445,True,,0,
anvil-processes,2,prefix,1,5.8640839997678995,True,,0,
anvil-processes,2,prefix,1,153.39358401251957,True,,0,
anvil-processes,2,prefix,1,833.8860420044512,True,,0,
anvil-processes,2,prefix,1,2096.4624589832965,True,,0,
anvil-processes,2,prefix,1,539.175542013254,True,,0,
anvil-processes,2,prefix,1,157.68737500184216,True,,0,
anvil-processes,2,branch_create,1,4985.379624995403,True,,0,
anvil-processes,2,branch_action,1,2.3452090099453926,True,,0,
anvil-processes,2,branch_action,1,2.9319160094019026,True,,0,
anvil-processes,2,branch_action,1,507.83187500201166,True,,0,
anvil-processes,2,branch_action,1,250.2203330222983,True,,0,
anvil-processes,2,total,-1,5756.0,True,,0,
forkyard-branch,4,prefix,-1,3.954291983973235,True,,0,
forkyard-branch,4,prefix,-1,3.25279199751094,True,,0,
forkyard-branch,4,prefix,-1,519.6022080199327,True,,0,
forkyard-branch,4,prefix,-1,1850.94470801414,True,,0,
forkyard-branch,4,prefix,-1,245.84595797932707,True,,0,
forkyard-branch,4,prefix,-1,140.24683300522156,True,,0,
forkyard-branch,4,branch_create,0,3.5855830064974725,True,,0,
forkyard-branch,4,branch_create,1,2.8657910006586462,True,,0,
forkyard-branch,4,branch_create,2,2.8774160018656403,True,,0,
forkyard-branch,4,branch_create,3,2.601457992568612,True,,0,
forkyard-branch,4,branch_action,0,11.37854199623689,True,,0,
forkyard-branch,4,branch_action,0,7.856707990868017,True,,0,
forkyard-branch,4,branch_action,0,27.225124998949468,True,,0,
forkyard-branch,4,branch_action,0,9.50616699992679,True,,0,
forkyard-branch,4,branch_action,1,8.791750005912036,True,,0,
forkyard-branch,4,branch_action,1,8.560749993193895,True,,0,
forkyard-branch,4,branch_action,1,165.3264579945244,True,,0,
forkyard-branch,4,branch_action,1,17.160916002467275,True,,0,
forkyard-branch,4,branch_action,2,7.80183298047632,True,,0,
forkyard-branch,4,branch_action,2,8.936416998039931,True,,0,
forkyard-branch,4,branch_action,2,351.35441698366776,True,,0,
forkyard-branch,4,branch_action,2,29.395541991107166,True,,0,
forkyard-branch,4,branch_action,3,6.635875004576519,True,,0,
forkyard-branch,4,branch_action,3,8.868540986441076,True,,0,
forkyard-branch,4,branch_action,3,351.6317500034347,True,,0,
forkyard-branch,4,branch_action,3,28.25908298837021,True,,0,
forkyard-branch,4,total,-1,3429.3,True,,0,
anvil-snapshot,4,prefix,-1,4.627125017577782,True,,0,
anvil-snapshot,4,prefix,-1,153.9048749837093,True,,0,
anvil-snapshot,4,prefix,-1,873.0234999966342,True,,0,
anvil-snapshot,4,prefix,-1,2636.411666026106,True,,0,
anvil-snapshot,4,prefix,-1,511.52279099915177,True,,0,
anvil-snapshot,4,prefix,-1,151.95162501186132,True,,0,
anvil-snapshot,4,branch_action,0,3.662916977191344,True,,0,
anvil-snapshot,4,branch_action,0,5.060041003162041,True,,0,
anvil-snapshot,4,branch_action,0,268.63120900816284,True,,0,
anvil-snapshot,4,branch_action,0,351.68758398503996,True,,0,
anvil-snapshot,4,branch_create,0,6.109041976742446,True,,0,
anvil-snapshot,4,branch_action,1,2.0847909909207374,True,,0,
anvil-snapshot,4,branch_action,1,4.664375010179356,True,,0,
anvil-snapshot,4,branch_action,1,508.0264160060324,True,,0,
anvil-snapshot,4,branch_action,1,274.86824998049997,True,,0,
anvil-snapshot,4,branch_create,1,4.778750007972121,True,,0,
anvil-snapshot,4,branch_action,2,2.661417005583644,True,,0,
anvil-snapshot,4,branch_action,2,4.253416002029553,True,,0,
anvil-snapshot,4,branch_action,2,510.4976670118049,True,,0,
anvil-snapshot,4,branch_action,2,273.2540409779176,True,,0,
anvil-snapshot,4,branch_create,2,5.040542018832639,True,,0,
anvil-snapshot,4,branch_action,3,2.548250020481646,True,,0,
anvil-snapshot,4,branch_action,3,3.664374991785735,True,,0,
anvil-snapshot,4,branch_action,3,504.4033340236638,True,,0,
anvil-snapshot,4,branch_action,3,272.38233300158754,True,,0,
anvil-snapshot,4,branch_create,3,3.198292019078508,True,,0,
anvil-snapshot,4,total,-1,8344.8,True,,0,
anvil-processes,4,prefix,0,6.6828340059146285,True,,0,
anvil-processes,4,prefix,0,153.80258299410343,True,,0,
anvil-processes,4,prefix,0,851.9825840194244,True,,0,
anvil-processes,4,prefix,0,2378.835584007902,True,,0,
anvil-processes,4,prefix,0,526.176832994679,True,,0,
anvil-processes,4,prefix,0,141.96775000891648,True,,0,
anvil-processes,4,branch_create,0,5109.720124979503,True,,0,
anvil-processes,4,branch_action,0,4.663542000344023,True,,0,
anvil-processes,4,branch_action,0,10.292291990481317,True,,0,
anvil-processes,4,branch_action,0,356.3063330075238,True,,0,
anvil-processes,4,branch_action,0,270.26279200799763,True,,0,
anvil-processes,4,prefix,1,6.113167008152232,True,,0,
anvil-processes,4,prefix,1,158.34016699227504,True,,0,
anvil-processes,4,prefix,1,845.8626250212546,True,,0,
anvil-processes,4,prefix,1,2374.953499995172,True,,0,
anvil-processes,4,prefix,1,533.6469580070116,True,,0,
anvil-processes,4,prefix,1,144.20933299697936,True,,0,
anvil-processes,4,branch_create,1,5111.2101250037085,True,,0,
anvil-processes,4,branch_action,1,4.506624973146245,True,,0,
anvil-processes,4,branch_action,1,8.911125012673438,True,,0,
anvil-processes,4,branch_action,1,604.4715000025462,True,,0,
anvil-processes,4,branch_action,1,282.280624989653,True,,0,
anvil-processes,4,prefix,2,9.521207975922152,True,,0,
anvil-processes,4,prefix,2,156.0370409861207,True,,0,
anvil-processes,4,prefix,2,833.6288749997038,True,,0,
anvil-processes,4,prefix,2,2110.074500000337,True,,0,
anvil-processes,4,prefix,2,525.0797920161858,True,,0,
anvil-processes,4,prefix,2,168.65945799509063,True,,0,
anvil-processes,4,branch_create,2,4846.953250002116,True,,0,
anvil-processes,4,branch_action,2,4.429083986906335,True,,0,
anvil-processes,4,branch_action,2,6.499249982880428,True,,0,
anvil-processes,4,branch_action,2,505.5790829937905,True,,0,
anvil-processes,4,branch_action,2,269.294625002658,True,,0,
anvil-processes,4,prefix,3,10.592333012027666,True,,0,
anvil-processes,4,prefix,3,148.3395420073066,True,,0,
anvil-processes,4,prefix,3,852.5748339889105,True,,0,
anvil-processes,4,prefix,3,2376.845249993494,True,,0,
anvil-processes,4,prefix,3,530.5600419815164,True,,0,
anvil-processes,4,prefix,3,140.24649999919347,True,,0,
anvil-processes,4,branch_create,3,5103.738291974878,True,,0,
anvil-processes,4,branch_action,3,6.6049999732058495,True,,0,
anvil-processes,4,branch_action,3,7.29641699581407,True,,0,
anvil-processes,4,branch_action,3,609.4794160162564,True,,0,
anvil-processes,4,branch_action,3,284.533250000095,True,,0,
anvil-processes,4,total,-1,6025.2,True,,0,
forkyard-branch,8,prefix,-1,5.116042011650279,True,,0,
forkyard-branch,8,prefix,-1,3.23858400224708,True,,0,
forkyard-branch,8,prefix,-1,534.656416013604,True,,0,
forkyard-branch,8,prefix,-1,1941.2168750131968,True,,0,
forkyard-branch,8,prefix,-1,250.82687500980683,True,,0,
forkyard-branch,8,prefix,-1,146.94554201560095,True,,0,
forkyard-branch,8,branch_create,0,4.821999988052994,True,,0,
forkyard-branch,8,branch_create,1,2.8431660030037165,True,,0,
forkyard-branch,8,branch_create,2,2.4931250081863254,True,,0,
forkyard-branch,8,branch_create,3,2.649208006914705,True,,0,
forkyard-branch,8,branch_create,4,2.494417014531791,True,,0,
forkyard-branch,8,branch_create,5,1.6497909964527935,True,,0,
forkyard-branch,8,branch_create,6,1.3556249905377626,True,,0,
forkyard-branch,8,branch_create,7,1.4747499953955412,True,,0,
forkyard-branch,8,branch_action,0,9.83608397655189,True,,0,
forkyard-branch,8,branch_action,0,10.598875000141561,True,,0,
forkyard-branch,8,branch_action,0,45.68629199638963,True,,0,
forkyard-branch,8,branch_action,0,313.04987499606796,True,,0,
forkyard-branch,8,branch_action,1,10.70154199260287,True,,0,
forkyard-branch,8,branch_action,1,10.817375004990026,True,,0,
forkyard-branch,8,branch_action,1,333.62449999549426,True,,0,
forkyard-branch,8,branch_action,1,26.17179200751707,True,,0,
forkyard-branch,8,branch_action,2,10.268874990288168,True,,0,
forkyard-branch,8,branch_action,2,14.20624999445863,True,,0,
forkyard-branch,8,branch_action,2,468.35237499908544,True,,0,
forkyard-branch,8,branch_action,2,44.819792005000636,True,,0,
forkyard-branch,8,branch_action,3,11.292624985799193,True,,0,
forkyard-branch,8,branch_action,3,11.269083013758063,True,,0,
forkyard-branch,8,branch_action,3,480.3240830078721,True,,0,
forkyard-branch,8,branch_action,3,32.47100001317449,True,,0,
forkyard-branch,8,branch_action,4,10.876583022763953,True,,0,
forkyard-branch,8,branch_action,4,12.694334000116214,True,,0,
forkyard-branch,8,branch_action,4,327.0511250011623,True,,0,
forkyard-branch,8,branch_action,4,25.634124991483986,True,,0,
forkyard-branch,8,branch_action,5,9.852791001321748,True,,0,
forkyard-branch,8,branch_action,5,11.438875022577122,True,,0,
forkyard-branch,8,branch_action,5,330.4486670240294,True,,0,
forkyard-branch,8,branch_action,5,24.16254099807702,True,,0,
forkyard-branch,8,branch_action,6,7.721000001765788,True,,0,
forkyard-branch,8,branch_action,6,11.380000010831282,True,,0,
forkyard-branch,8,branch_action,6,466.77299999282695,True,,0,
forkyard-branch,8,branch_action,6,42.984459025319666,True,,0,
forkyard-branch,8,branch_action,7,7.91266598389484,True,,0,
forkyard-branch,8,branch_action,7,9.65754099888727,True,,0,
forkyard-branch,8,branch_action,7,477.9892499791458,True,,0,
forkyard-branch,8,branch_action,7,33.29908297746442,True,,0,
forkyard-branch,8,total,-1,3687.7,True,,0,
anvil-snapshot,8,prefix,-1,4.448583000339568,True,,0,
anvil-snapshot,8,prefix,-1,157.9860420024488,True,,0,
anvil-snapshot,8,prefix,-1,845.5482079880312,True,,0,
anvil-snapshot,8,prefix,-1,2101.299875008408,True,,0,
anvil-snapshot,8,prefix,-1,519.6823750156909,True,,0,
anvil-snapshot,8,prefix,-1,149.0734999824781,True,,0,
anvil-snapshot,8,branch_action,0,1.2343749986030161,True,,0,
anvil-snapshot,8,branch_action,0,1.9543339731171727,True,,0,
anvil-snapshot,8,branch_action,0,263.04499999969266,True,,0,
anvil-snapshot,8,branch_action,0,279.5385830104351,True,,0,
anvil-snapshot,8,branch_create,0,4.620084015186876,True,,0,
anvil-snapshot,8,branch_action,1,2.355208998778835,True,,0,
anvil-snapshot,8,branch_action,1,4.256083018844947,True,,0,
anvil-snapshot,8,branch_action,1,585.2345830062404,True,,0,
anvil-snapshot,8,branch_action,1,281.8098340067081,True,,0,
anvil-snapshot,8,branch_create,1,5.27245900593698,True,,0,
anvil-snapshot,8,branch_action,2,2.7527080092113465,True,,0,
anvil-snapshot,8,branch_action,2,3.26304099871777,True,,0,
anvil-snapshot,8,branch_action,2,527.7585829899181,True,,0,
anvil-snapshot,8,branch_action,2,266.3922499923501,True,,0,
anvil-snapshot,8,branch_create,2,5.774833989562467,True,,0,
anvil-snapshot,8,branch_action,3,2.0805830135941505,True,,0,
anvil-snapshot,8,branch_action,3,2.8918750176671892,True,,0,
anvil-snapshot,8,branch_action,3,504.5198340085335,True,,0,
anvil-snapshot,8,branch_action,3,281.114792014705,True,,0,
anvil-snapshot,8,branch_create,3,5.787750007584691,True,,0,
anvil-snapshot,8,branch_action,4,2.650666981935501,True,,0,
anvil-snapshot,8,branch_action,4,4.306624992750585,True,,0,
anvil-snapshot,8,branch_action,4,508.2083330198657,True,,0,
anvil-snapshot,8,branch_action,4,260.35020797280595,True,,0,
anvil-snapshot,8,branch_create,4,4.045749985380098,True,,0,
anvil-snapshot,8,branch_action,5,1.1299170146230608,True,,0,
anvil-snapshot,8,branch_action,5,1.9806659838650376,True,,0,
anvil-snapshot,8,branch_action,5,501.763917010976,True,,0,
anvil-snapshot,8,branch_action,5,257.45716702658683,True,,0,
anvil-snapshot,8,branch_create,5,2.034958015428856,True,,0,
anvil-snapshot,8,branch_action,6,1.1317080061417073,True,,0,
anvil-snapshot,8,branch_action,6,1.3922920043114573,True,,0,
anvil-snapshot,8,branch_action,6,512.4950000026729,True,,0,
anvil-snapshot,8,branch_action,6,255.70200002402999,True,,0,
anvil-snapshot,8,branch_create,6,3.6653330316767097,True,,0,
anvil-snapshot,8,branch_action,7,2.736624999670312,True,,0,
anvil-snapshot,8,branch_action,7,3.54475001222454,True,,0,
anvil-snapshot,8,branch_action,7,513.819792016875,True,,0,
anvil-snapshot,8,branch_action,7,272.0124159823172,True,,0,
anvil-snapshot,8,branch_create,7,6.363250024151057,True,,0,
anvil-snapshot,8,total,-1,10918.1,True,,0,
anvil-processes,8,prefix,0,5.579708988079801,True,,0,
anvil-processes,8,prefix,0,148.4532080066856,True,,0,
anvil-processes,8,prefix,0,742.219459003536,True,,0,
anvil-processes,8,prefix,0,2086.5386670047883,True,,0,
anvil-processes,8,prefix,0,530.2878750080708,True,,0,
anvil-processes,8,prefix,0,155.6575839931611,True,,0,
anvil-processes,8,branch_create,0,4730.769209010759,True,,0,
anvil-processes,8,branch_action,0,5.1155840046703815,True,,0,
anvil-processes,8,branch_action,0,6.6427499987185,True,,0,
anvil-processes,8,branch_action,0,265.68779099034145,True,,0,
anvil-processes,8,branch_action,0,259.5096670265775,True,,0,
anvil-processes,8,prefix,1,12.397540995152667,True,,0,
anvil-processes,8,prefix,1,425.4309160169214,True,,0,
anvil-processes,8,prefix,1,785.919499990996,True,,0,
anvil-processes,8,prefix,1,2111.8571249826346,True,,0,
anvil-processes,8,prefix,1,506.4492500096094,True,,0,
anvil-processes,8,prefix,1,171.0564999957569,True,,0,
anvil-processes,8,branch_create,1,5251.727082999423,True,,0,
anvil-processes,8,branch_action,1,5.232958996202797,True,,0,
anvil-processes,8,branch_action,1,12.07054199767299,True,,0,
anvil-processes,8,branch_action,1,515.0249169964809,True,,0,
anvil-processes,8,branch_action,1,269.66608298243955,True,,0,
anvil-processes,8,prefix,2,8.871333993738517,True,,0,
anvil-processes,8,prefix,2,425.21499999566004,True,,0,
anvil-processes,8,prefix,2,789.2656249750871,True,,0,
anvil-processes,8,prefix,2,2104.7925830062013,True,,0,
anvil-processes,8,prefix,2,514.4051249953918,True,,0,
anvil-processes,8,prefix,2,171.50041699642316,True,,0,
anvil-processes,8,branch_create,2,5247.481958998833,True,,0,
anvil-processes,8,branch_action,2,11.157291999552399,True,,0,
anvil-processes,8,branch_action,2,14.913874998455867,True,,0,
anvil-processes,8,branch_action,2,501.03787501575425,True,,0,
anvil-processes,8,branch_action,2,270.5134999996517,True,,0,
anvil-processes,8,prefix,3,6.692499999189749,True,,0,
anvil-processes,8,prefix,3,144.24149997648783,True,,0,
anvil-processes,8,prefix,3,750.9439590212423,True,,0,
anvil-processes,8,prefix,3,2084.8194579884876,True,,0,
anvil-processes,8,prefix,3,522.8608750039712,True,,0,
anvil-processes,8,prefix,3,161.44270900986157,True,,0,
anvil-processes,8,branch_create,3,4722.852624981897,True,,0,
anvil-processes,8,branch_action,3,4.324457986513153,True,,0,
anvil-processes,8,branch_action,3,5.709166987799108,True,,0,
anvil-processes,8,branch_action,3,514.6171670057811,True,,0,
anvil-processes,8,branch_action,3,270.3680419945158,True,,0,
anvil-processes,8,prefix,4,6.613749981625006,True,,0,
anvil-processes,8,prefix,4,219.55070897820406,True,,0,
anvil-processes,8,prefix,4,770.1069170143455,True,,0,
anvil-processes,8,prefix,4,2105.5959170043934,True,,0,
anvil-processes,8,prefix,4,516.4895839989185,True,,0,
anvil-processes,8,prefix,4,143.52741700713523,True,,0,
anvil-processes,8,branch_create,4,4971.481416985625,True,,0,
anvil-processes,8,branch_action,4,3.748167015146464,True,,0,
anvil-processes,8,branch_action,4,4.676584008848295,True,,0,
anvil-processes,8,branch_action,4,512.5620419858024,True,,0,
anvil-processes,8,branch_action,4,270.05841699428856,True,,0,
anvil-processes,8,prefix,5,6.626458984101191,True,,0,
anvil-processes,8,prefix,5,144.99604201409966,True,,0,
anvil-processes,8,prefix,5,1112.4082500173245,True,,0,
anvil-processes,8,prefix,5,2107.416209008079,True,,0,
anvil-processes,8,prefix,5,518.4920000028796,True,,0,
anvil-processes,8,prefix,5,163.94491697428748,True,,0,
anvil-processes,8,branch_create,5,5104.402791999746,True,,0,
anvil-processes,8,branch_action,5,6.55283301603049,True,,0,
anvil-processes,8,branch_action,5,7.0813750207889825,True,,0,
anvil-processes,8,branch_action,5,520.7984579901677,True,,0,
anvil-processes,8,branch_action,5,283.24079199228436,True,,0,
anvil-processes,8,prefix,6,7.505082990974188,True,,0,
anvil-processes,8,prefix,6,151.86691700364463,True,,0,
anvil-processes,8,prefix,6,1117.3561249743216,True,,0,
anvil-processes,8,prefix,6,2095.7876250031404,True,,0,
anvil-processes,8,prefix,6,528.6170420004055,True,,0,
anvil-processes,8,prefix,6,154.32020800653845,True,,0,
anvil-processes,8,branch_create,6,5102.164082985837,True,,0,
anvil-processes,8,branch_action,6,4.895874997600913,True,,0,
anvil-processes,8,branch_action,6,7.102042000042275,True,,0,
anvil-processes,8,branch_action,6,533.6523340083659,True,,0,
anvil-processes,8,branch_action,6,282.29174998705275,True,,0,
anvil-processes,8,prefix,7,7.721083995420486,True,,0,
anvil-processes,8,prefix,7,146.66233299067244,True,,0,
anvil-processes,8,prefix,7,1121.206916985102,True,,0,
anvil-processes,8,prefix,7,2093.394666997483,True,,0,
anvil-processes,8,prefix,7,534.9978750164155,True,,0,
anvil-processes,8,prefix,7,150.08020799723454,True,,0,
anvil-processes,8,branch_create,7,5097.2956659970805,True,,0,
anvil-processes,8,branch_action,7,5.005624989280477,True,,0,
anvil-processes,8,branch_action,7,8.7314160191454,True,,0,
anvil-processes,8,branch_action,7,533.6342499940656,True,,0,
anvil-processes,8,branch_action,7,279.8881249909755,True,,0,
anvil-processes,8,total,-1,6063.7,True,,0,
forkyard-branch,16,prefix,-1,3.441167005803436,True,,0,
forkyard-branch,16,prefix,-1,2.8948329854756594,True,,0,
forkyard-branch,16,prefix,-1,489.1454589960631,True,,0,
forkyard-branch,16,prefix,-1,1989.290625002468,True,,0,
forkyard-branch,16,prefix,-1,241.3285420043394,True,,0,
forkyard-branch,16,prefix,-1,138.5182500234805,True,,0,
forkyard-branch,16,branch_create,0,2.2555000032298267,True,,0,
forkyard-branch,16,branch_create,1,1.5399169933516532,True,,0,
forkyard-branch,16,branch_create,2,1.7820000066421926,True,,0,
forkyard-branch,16,branch_create,3,2.0204999891575426,True,,0,
forkyard-branch,16,branch_create,4,1.4627909986302257,True,,0,
forkyard-branch,16,branch_create,5,1.5280420193448663,True,,0,
forkyard-branch,16,branch_create,6,1.5916669799480587,True,,0,
forkyard-branch,16,branch_create,7,2.088332985294983,True,,0,
forkyard-branch,16,branch_create,8,1.6586660058237612,True,,0,
forkyard-branch,16,branch_create,9,1.4823749952483922,True,,0,
forkyard-branch,16,branch_create,10,2.50416700146161,True,,0,
forkyard-branch,16,branch_create,11,1.1610829969868064,True,,0,
forkyard-branch,16,branch_create,12,1.102957990951836,True,,0,
forkyard-branch,16,branch_create,13,1.4555829984601587,True,,0,
forkyard-branch,16,branch_create,14,1.3360829907469451,True,,0,
forkyard-branch,16,branch_create,15,1.0775839909911156,True,,0,
forkyard-branch,16,branch_action,0,7.155333005357534,True,,0,
forkyard-branch,16,branch_action,0,22.176750004291534,True,,0,
forkyard-branch,16,branch_action,0,46.16891700425185,True,,0,
forkyard-branch,16,branch_action,0,575.5037499766331,True,,0,
forkyard-branch,16,branch_action,1,11.531249998370185,True,,0,
forkyard-branch,16,branch_action,1,22.058208007365465,True,,0,
forkyard-branch,16,branch_action,1,714.0166669851169,True,,0,
forkyard-branch,16,branch_action,1,52.40975000197068,True,,0,
forkyard-branch,16,branch_action,2,9.819291008170694,True,,0,
forkyard-branch,16,branch_action,2,23.511625011451542,True,,0,
forkyard-branch,16,branch_action,2,760.2642909914721,True,,0,
forkyard-branch,16,branch_action,2,48.46950000501238,True,,0,
forkyard-branch,16,branch_action,3,10.83854099852033,True,,0,
forkyard-branch,16,branch_action,3,22.57641701726243,True,,0,
forkyard-branch,16,branch_action,3,750.4657500248868,True,,0,
forkyard-branch,16,branch_action,3,62.74045899044722,True,,0,
forkyard-branch,16,branch_action,4,12.498125026468188,True,,0,
forkyard-branch,16,branch_action,4,21.914999990258366,True,,0,
forkyard-branch,16,branch_action,4,619.4735000026412,True,,0,
forkyard-branch,16,branch_action,4,33.522708021337166,True,,0,
forkyard-branch,16,branch_action,5,14.117916987743229,True,,0,
forkyard-branch,16,branch_action,5,17.141207994427532,True,,0,
forkyard-branch,16,branch_action,5,719.5799589972012,True,,0,
forkyard-branch,16,branch_action,5,49.03550000744872,True,,0,
forkyard-branch,16,branch_action,6,14.35266699991189,True,,0,
forkyard-branch,16,branch_action,6,20.881208998616785,True,,0,
forkyard-branch,16,branch_action,6,764.754499978153,True,,0,
forkyard-branch,16,branch_action,6,42.468750005355105,True,,0,
forkyard-branch,16,branch_action,7,17.81941601075232,True,,0,
forkyard-branch,16,branch_action,7,18.101416993886232,True,,0,
forkyard-branch,16,branch_action,7,745.7877910055686,True,,0,
forkyard-branch,16,branch_action,7,52.688792027765885,True,,0,
forkyard-branch,16,branch_action,8,20.737166021717712,True,,0,
forkyard-branch,16,branch_action,8,30.74066701810807,True,,0,
forkyard-branch,16,branch_action,8,588.0043340148404,True,,0,
forkyard-branch,16,branch_action,8,42.341416992712766,True,,0,
forkyard-branch,16,branch_action,9,15.18404099624604,True,,0,
forkyard-branch,16,branch_action,9,17.71308298339136,True,,0,
forkyard-branch,16,branch_action,9,709.891417005565,True,,0,
forkyard-branch,16,branch_action,9,28.758208005456254,True,,0,
forkyard-branch,16,branch_action,10,14.080583001486957,True,,0,
forkyard-branch,16,branch_action,10,14.825207996182144,True,,0,
forkyard-branch,16,branch_action,10,759.814582997933,True,,0,
forkyard-branch,16,branch_action,10,49.1549999860581,True,,0,
forkyard-branch,16,branch_action,11,21.179999981541187,True,,0,
forkyard-branch,16,branch_action,11,17.4633749993518,True,,0,
forkyard-branch,16,branch_action,11,748.9857920154463,True,,0,
forkyard-branch,16,branch_action,11,50.748958019539714,True,,0,
forkyard-branch,16,branch_action,12,21.595500002149493,True,,0,
forkyard-branch,16,branch_action,12,22.123125003417954,True,,0,
forkyard-branch,16,branch_action,12,595.5637920123991,True,,0,
forkyard-branch,16,branch_action,12,41.62979099783115,True,,0,
forkyard-branch,16,branch_action,13,16.046416014432907,True,,0,
forkyard-branch,16,branch_action,13,22.787416994106025,True,,0,
forkyard-branch,16,branch_action,13,692.7544579957612,True,,0,
forkyard-branch,16,branch_action,13,47.85379199893214,True,,0,
forkyard-branch,16,branch_action,14,8.967915986431763,True,,0,
forkyard-branch,16,branch_action,14,15.41920899762772,True,,0,
forkyard-branch,16,branch_action,14,763.1649999821093,True,,0,
forkyard-branch,16,branch_action,14,48.09045800357126,True,,0,
forkyard-branch,16,branch_action,15,13.909291010349989,True,,0,
forkyard-branch,16,branch_action,15,10.275082982843742,True,,0,
forkyard-branch,16,branch_action,15,750.5477090016939,True,,0,
forkyard-branch,16,branch_action,15,43.737500003771856,True,,0,
forkyard-branch,16,total,-1,3983.8,True,,0,
anvil-snapshot,16,prefix,-1,4.260665999026969,True,,0,
anvil-snapshot,16,prefix,-1,147.47941700625233,True,,0,
anvil-snapshot,16,prefix,-1,870.8902920188848,True,,0,
anvil-snapshot,16,prefix,-1,2096.6810419922695,True,,0,
anvil-snapshot,16,prefix,-1,520.7240419986192,True,,0,
anvil-snapshot,16,prefix,-1,147.84008299466223,True,,0,
anvil-snapshot,16,branch_action,0,2.643833984620869,True,,0,
anvil-snapshot,16,branch_action,0,4.648666974389926,True,,0,
anvil-snapshot,16,branch_action,0,257.0195000153035,True,,0,
anvil-snapshot,16,branch_action,0,264.751749986317,True,,0,
anvil-snapshot,16,branch_create,0,6.311417004326358,True,,0,
anvil-snapshot,16,branch_action,1,3.073957981541753,True,,0,
anvil-snapshot,16,branch_action,1,4.330625000875443,True,,0,
anvil-snapshot,16,branch_action,1,503.41433301218785,True,,0,
anvil-snapshot,16,branch_action,1,256.83483298053034,True,,0,
anvil-snapshot,16,branch_create,1,4.335792997153476,True,,0,
anvil-snapshot,16,branch_action,2,2.3878749925643206,True,,0,
anvil-snapshot,16,branch_action,2,4.105166997760534,True,,0,
anvil-snapshot,16,branch_action,2,510.6509999895934,True,,0,
anvil-snapshot,16,branch_action,2,270.9611250029411,True,,0,
anvil-snapshot,16,branch_create,2,4.530499980319291,True,,0,
anvil-snapshot,16,branch_action,3,1.9718749972525984,True,,0,
anvil-snapshot,16,branch_action,3,3.075334010645747,True,,0,
anvil-snapshot,16,branch_action,3,510.1857499976177,True,,0,
anvil-snapshot,16,branch_action,3,276.3209579861723,True,,0,
anvil-snapshot,16,branch_create,3,4.125167004531249,True,,0,
anvil-snapshot,16,branch_action,4,2.482624986441806,True,,0,
anvil-snapshot,16,branch_action,4,4.203499993309379,True,,0,
anvil-snapshot,16,branch_action,4,506.9924170093145,True,,0,
anvil-snapshot,16,branch_action,4,262.8987079951912,True,,0,
anvil-snapshot,16,branch_create,4,3.505917004076764,True,,0,
anvil-snapshot,16,branch_action,5,1.3271250063553452,True,,0,
anvil-snapshot,16,branch_action,5,1.848584011895582,True,,0,
anvil-snapshot,16,branch_action,5,499.38595900312066,True,,0,
anvil-snapshot,16,branch_action,5,265.3533749980852,True,,0,
anvil-snapshot,16,branch_create,5,3.3953340025618672,True,,0,
anvil-snapshot,16,branch_action,6,3.543166007148102,True,,0,
anvil-snapshot,16,branch_action,6,4.169332998571917,True,,0,
anvil-snapshot,16,branch_action,6,490.48649999895133,True,,0,
anvil-snapshot,16,branch_action,6,278.8091249822173,True,,0,
anvil-snapshot,16,branch_create,6,3.092167025897652,True,,0,
anvil-snapshot,16,branch_action,7,1.0375420097261667,True,,0,
anvil-snapshot,16,branch_action,7,2.2879169846419245,True,,0,
anvil-snapshot,16,branch_action,7,524.3392080010381,True,,0,
anvil-snapshot,16,branch_action,7,253.95837498945184,True,,0,
anvil-snapshot,16,branch_create,7,1.7809580022003502,True,,0,
anvil-snapshot,16,branch_action,8,0.9987909870687872,True,,0,
anvil-snapshot,16,branch_action,8,1.647583005251363,True,,0,
anvil-snapshot,16,branch_action,8,502.5480840122327,True,,0,
anvil-snapshot,16,branch_action,8,288.46508398419246,True,,0,
anvil-snapshot,16,branch_create,8,3.624207980465144,True,,0,
anvil-snapshot,16,branch_action,9,2.9272499959915876,True,,0,
anvil-snapshot,16,branch_action,9,4.950250004185364,True,,0,
anvil-snapshot,16,branch_action,9,515.6052499951329,True,,0,
anvil-snapshot,16,branch_action,9,270.5600830086041,True,,0,
anvil-snapshot,16,branch_create,9,6.190499989315867,True,,0,
anvil-snapshot,16,branch_action,10,3.4589160059113055,True,,0,
anvil-snapshot,16,branch_action,10,3.416041989112273,True,,0,
anvil-snapshot,16,branch_action,10,505.049917002907,True,,0,
anvil-snapshot,16,branch_action,10,268.3050419727806,True,,0,
anvil-snapshot,16,branch_create,10,5.70629199501127,True,,0,
anvil-snapshot,16,branch_action,11,1.9099999917671084,True,,0,
anvil-snapshot,16,branch_action,11,2.9357080056797713,True,,0,
anvil-snapshot,16,branch_action,11,500.2801670052577,True,,0,
anvil-snapshot,16,branch_action,11,270.5932500248309,True,,0,
anvil-snapshot,16,branch_create,11,4.19991702074185,True,,0,
anvil-snapshot,16,branch_action,12,2.406915999017656,True,,0,
anvil-snapshot,16,branch_action,12,4.292666009860113,True,,0,
anvil-snapshot,16,branch_action,12,509.98654100112617,True,,0,
anvil-snapshot,16,branch_action,12,269.74383401102386,True,,0,
anvil-snapshot,16,branch_create,12,5.3815830033272505,True,,0,
anvil-snapshot,16,branch_action,13,2.9304999916348606,True,,0,
anvil-snapshot,16,branch_action,13,4.042834014398977,True,,0,
anvil-snapshot,16,branch_action,13,502.62841701623984,True,,0,
anvil-snapshot,16,branch_action,13,270.08891699369997,True,,0,
anvil-snapshot,16,branch_create,13,5.176998995011672,True,,0,
anvil-snapshot,16,branch_action,14,2.447083010338247,True,,0,
anvil-snapshot,16,branch_action,14,3.6474160151556134,True,,0,
anvil-snapshot,16,branch_action,14,507.7197090140544,True,,0,
anvil-snapshot,16,branch_action,14,312.09145800676197,True,,0,
anvil-snapshot,16,branch_create,14,3.73708299594,True,,0,
anvil-snapshot,16,branch_action,15,1.1427919962443411,True,,0,
anvil-snapshot,16,branch_action,15,1.8111249955836684,True,,0,
anvil-snapshot,16,branch_action,15,576.0144160012715,True,,0,
anvil-snapshot,16,branch_action,15,278.83420800208114,True,,0,
anvil-snapshot,16,branch_create,15,3.143874986562878,True,,0,
anvil-snapshot,16,total,-1,17284.8,True,,0,
anvil-processes,16,prefix,0,2.5857919827103615,True,,0,
anvil-processes,16,prefix,0,150.5337499838788,True,,0,
anvil-processes,16,prefix,0,1158.6562090087682,True,,0,
anvil-processes,16,prefix,0,5612.618750019465,True,,0,
anvil-processes,16,prefix,0,527.7676249970682,True,,0,
anvil-processes,16,prefix,0,142.83445899491198,True,,0,
anvil-processes,16,branch_create,0,8657.41195800365,True,,0,
anvil-processes,16,branch_action,0,1.3825000205542892,True,,0,
anvil-processes,16,branch_action,0,3.2835000019986182,True,,0,
anvil-processes,16,branch_action,0,260.11458397260867,True,,0,
anvil-processes,16,branch_action,0,272.91724999668077,True,,0,
anvil-processes,16,prefix,1,1.1235839920118451,True,,0,
anvil-processes,16,prefix,1,144.81716699083336,True,,0,
anvil-processes,16,prefix,1,903.6535420164,True,,0,
anvil-processes,16,prefix,1,2462.3134580033366,True,,0,
anvil-processes,16,prefix,1,3415.1686249824706,True,,0,
anvil-processes,16,prefix,1,141.38912499765866,True,,0,
anvil-processes,16,branch_create,1,8123.629415989853,True,,0,
anvil-processes,16,branch_action,1,1.1852910101879388,True,,0,
anvil-processes,16,branch_action,1,2.7822499978356063,True,,0,
anvil-processes,16,branch_action,1,496.6204590164125,True,,0,
anvil-processes,16,branch_action,1,269.38779099145904,True,,0,
anvil-processes,16,prefix,2,3.128750016912818,True,,0,
anvil-processes,16,prefix,2,148.2962080044672,True,,0,
anvil-processes,16,prefix,2,1077.3789169907104,True,,0,
anvil-processes,16,prefix,2,4510.041917004855,True,,0,
anvil-processes,16,prefix,2,523.0910829850473,True,,0,
anvil-processes,16,prefix,2,141.65120798861608,True,,0,
anvil-processes,16,branch_create,2,7470.4644580197055,True,,0,
anvil-processes,16,branch_action,2,9.977041016099975,True,,0,
anvil-processes,16,branch_action,2,12.868791003711522,True,,0,
anvil-processes,16,branch_action,2,503.97158300620504,True,,0,
anvil-processes,16,branch_action,2,263.75337498029694,True,,0,
anvil-processes,16,prefix,3,4.32441700831987,True,,0,
anvil-processes,16,prefix,3,148.82266701897606,True,,0,
anvil-processes,16,prefix,3,874.067875003675,True,,0,
anvil-processes,16,prefix,3,2227.2080419934355,True,,0,
anvil-processes,16,prefix,3,2777.7342080080416,True,,0,
anvil-processes,16,prefix,3,150.79458398395218,True,,0,
anvil-processes,16,branch_create,3,7235.738499992294,True,,0,
anvil-processes,16,branch_action,3,2.6928750157821923,True,,0,
anvil-processes,16,branch_action,3,3.2565829751547426,True,,0,
anvil-processes,16,branch_action,3,599.9399999855086,True,,0,
anvil-processes,16,branch_action,3,268.069582991302,True,,0,
anvil-processes,16,prefix,4,3.9545409963466227,True,,0,
anvil-processes,16,prefix,4,155.17829099553637,True,,0,
anvil-processes,16,prefix,4,885.5600420210976,True,,0,
anvil-processes,16,prefix,4,5045.032042020466,True,,0,
anvil-processes,16,prefix,4,551.6489159781486,True,,0,
anvil-processes,16,prefix,4,193.41504201292992,True,,0,
anvil-processes,16,branch_create,4,7885.689208022086,True,,0,
anvil-processes,16,branch_action,4,1.2318750086706132,True,,0,
anvil-processes,16,branch_action,4,1.8251670117024332,True,,0,
anvil-processes,16,branch_action,4,506.99633301701397,True,,0,
anvil-processes,16,branch_action,4,268.85279099224135,True,,0,
anvil-processes,16,prefix,5,5.441374989459291,True,,0,
anvil-processes,16,prefix,5,153.71549999690615,True,,0,
anvil-processes,16,prefix,5,893.3926669997163,True,,0,
anvil-processes,16,prefix,5,5870.423000014853,True,,0,
anvil-processes,16,prefix,5,528.2817920087837,True,,0,
anvil-processes,16,prefix,5,142.72933301981539,True,,0,
anvil-processes,16,branch_create,5,8643.279167008586,True,,0,
anvil-processes,16,branch_action,5,1.5562089974991977,True,,0,
anvil-processes,16,branch_action,5,2.7544579934328794,True,,0,
anvil-processes,16,branch_action,5,506.5582499955781,True,,0,
anvil-processes,16,branch_action,5,286.4169579988811,True,,0,
anvil-processes,16,prefix,6,3.0764999974053353,True,,0,
anvil-processes,16,prefix,6,154.04383299755864,True,,0,
anvil-processes,16,prefix,6,892.6609589834698,True,,0,
anvil-processes,16,prefix,6,6112.529541016556,True,,0,
anvil-processes,16,prefix,6,520.1184159959666,True,,0,
anvil-processes,16,prefix,6,170.62299998360686,True,,0,
anvil-processes,16,branch_create,6,8906.41012499691,True,,0,
anvil-processes,16,branch_action,6,8.791708998614922,True,,0,
anvil-processes,16,branch_action,6,13.138708978658542,True,,0,
anvil-processes,16,branch_action,6,520.9468329849187,True,,0,
anvil-processes,16,branch_action,6,280.1118339993991,True,,0,
anvil-processes,16,prefix,7,3.126374998828396,True,,0,
anvil-processes,16,prefix,7,149.38725001411512,True,,0,
anvil-processes,16,prefix,7,893.8881670183036,True,,0,
anvil-processes,16,prefix,7,6111.945375014329,True,,0,
anvil-processes,16,prefix,7,530.0703750108369,True,,0,
anvil-processes,16,prefix,7,169.63429198949598,True,,0,
anvil-processes,16,branch_create,7,8900.300749985036,True,,0,
anvil-processes,16,branch_action,7,9.455208026338369,True,,0,
anvil-processes,16,branch_action,7,13.147249992471188,True,,0,
anvil-processes,16,branch_action,7,508.3895419957116,True,,0,
anvil-processes,16,branch_action,7,290.29741598060355,True,,0,
anvil-processes,16,prefix,8,4.833499988308176,True,,0,
anvil-processes,16,prefix,8,149.8717500071507,True,,0,
anvil-processes,16,prefix,8,879.1916670161299,True,,0,
anvil-processes,16,prefix,8,5889.574041997548,True,,0,
anvil-processes,16,prefix,8,524.3090000003576,True,,0,
anvil-processes,16,prefix,8,148.36550000472926,True,,0,
anvil-processes,16,branch_create,8,8638.317999982974,True,,0,
anvil-processes,16,branch_action,8,1.7648749926593155,True,,0,
anvil-processes,16,branch_action,8,12.0727920148056,True,,0,
anvil-processes,16,branch_action,8,515.6237499904819,True,,0,
anvil-processes,16,branch_action,8,280.89799999725074,True,,0,
anvil-processes,16,prefix,9,4.486000019824132,True,,0,
anvil-processes,16,prefix,9,145.23220900446177,True,,0,
anvil-processes,16,prefix,9,1061.6494169807993,True,,0,
anvil-processes,16,prefix,9,2287.3653340211604,True,,0,
anvil-processes,16,prefix,9,3522.814666997874,True,,0,
anvil-processes,16,prefix,9,168.92912500770763,True,,0,
anvil-processes,16,branch_create,9,8233.719250012655,True,,0,
anvil-processes,16,branch_action,9,4.711750021670014,True,,0,
anvil-processes,16,branch_action,9,6.007458985550329,True,,0,
anvil-processes,16,branch_action,9,488.1095830060076,True,,0,
anvil-processes,16,branch_action,9,274.27654099301435,True,,0,
anvil-processes,16,prefix,10,6.010500015690923,True,,0,
anvil-processes,16,prefix,10,146.24358297442086,True,,0,
anvil-processes,16,prefix,10,1025.7452089863364,True,,0,
anvil-processes,16,prefix,10,2310.790250019636,True,,0,
anvil-processes,16,prefix,10,2597.94029101613,True,,0,
anvil-processes,16,prefix,10,199.4249999988824,True,,0,
anvil-processes,16,branch_create,10,7315.141500002937,True,,0,
anvil-processes,16,branch_action,10,2.2049580002203584,True,,0,
anvil-processes,16,branch_action,10,3.4938339958898723,True,,0,
anvil-processes,16,branch_action,10,519.6044159820303,True,,0,
anvil-processes,16,branch_action,10,254.7733329993207,True,,0,
anvil-processes,16,prefix,11,3.1139169877860695,True,,0,
anvil-processes,16,prefix,11,145.87283399305306,True,,0,
anvil-processes,16,prefix,11,915.9882079984527,True,,0,
anvil-processes,16,prefix,11,2415.9262500179466,True,,0,
anvil-processes,16,prefix,11,2255.4173339740373,True,,0,
anvil-processes,16,prefix,11,151.6995410202071,True,,0,
anvil-processes,16,branch_create,11,6910.978667001473,True,,0,
anvil-processes,16,branch_action,11,1.9287089817225933,True,,0,
anvil-processes,16,branch_action,11,2.5454580027144402,True,,0,
anvil-processes,16,branch_action,11,512.8296249895357,True,,0,
anvil-processes,16,branch_action,11,262.71499998983927,True,,0,
anvil-processes,16,prefix,12,3.585540980566293,True,,0,
anvil-processes,16,prefix,12,152.37675001844764,True,,0,
anvil-processes,16,prefix,12,883.9517910091672,True,,0,
anvil-processes,16,prefix,12,4769.775833003223,True,,0,
anvil-processes,16,prefix,12,602.7344169851858,True,,0,
anvil-processes,16,prefix,12,146.75554100540467,True,,0,
anvil-processes,16,branch_create,12,7580.412124982104,True,,0,
anvil-processes,16,branch_action,12,2.8509580006357282,True,,0,
anvil-processes,16,branch_action,12,3.5342920164112,True,,0,
anvil-processes,16,branch_action,12,601.5360830060672,True,,0,
anvil-processes,16,branch_action,12,270.90491700801067,True,,0,
anvil-processes,16,prefix,13,4.2027079907711595,True,,0,
anvil-processes,16,prefix,13,152.54995800205506,True,,0,
anvil-processes,16,prefix,13,1073.9590839948505,True,,0,
anvil-processes,16,prefix,13,4527.098833001219,True,,0,
anvil-processes,16,prefix,13,507.7207910071593,True,,0,
anvil-processes,16,prefix,13,174.85224999836646,True,,0,
anvil-processes,16,branch_create,13,7446.931625017896,True,,0,
anvil-processes,16,branch_action,13,2.0533330098260194,True,,0,
anvil-processes,16,branch_action,13,2.3628750059287995,True,,0,
anvil-processes,16,branch_action,13,577.0783339976333,True,,0,
anvil-processes,16,branch_action,13,284.2381660011597,True,,0,
anvil-processes,16,prefix,14,2.6841250073630363,True,,0,
anvil-processes,16,prefix,14,145.14458298799582,True,,0,
anvil-processes,16,prefix,14,856.9813339854591,True,,0,
anvil-processes,16,prefix,14,5903.970917017432,True,,0,
anvil-processes,16,prefix,14,532.5287920131814,True,,0,
anvil-processes,16,prefix,14,149.17804198921658,True,,0,
anvil-processes,16,branch_create,14,8603.277791989967,True,,0,
anvil-processes,16,branch_action,14,8.513999986462295,True,,0,
anvil-processes,16,branch_action,14,7.5379170011729,True,,0,
anvil-processes,16,branch_action,14,503.92337498487905,True,,0,
anvil-processes,16,branch_action,14,284.2159159772564,True,,0,
anvil-processes,16,prefix,15,3.6439170071389526,True,,0,
anvil-processes,16,prefix,15,149.27704201545566,True,,0,
anvil-processes,16,prefix,15,899.3951250158716,True,,0,
anvil-processes,16,prefix,15,4784.896750003099,True,,0,
anvil-processes,16,prefix,15,579.6860000118613,True,,0,
anvil-processes,16,prefix,15,249.20791600015946,True,,0,
anvil-processes,16,branch_create,15,7671.388166985707,True,,0,
anvil-processes,16,branch_action,15,2.43687501642853,True,,0,
anvil-processes,16,branch_action,15,2.7858749963343143,True,,0,
anvil-processes,16,branch_action,15,518.2146669831127,True,,0,
anvil-processes,16,branch_action,15,258.3682920085266,True,,0,
anvil-processes,16,total,-1,9755.8,True,,0,
forkyard-branch,32,prefix,-1,4.814292013179511,True,,0,
forkyard-branch,32,prefix,-1,3.4789580095093697,True,,0,
forkyard-branch,32,prefix,-1,523.5492909851018,True,,0,
forkyard-branch,32,prefix,-1,1960.6625410087872,True,,0,
forkyard-branch,32,prefix,-1,159.7617499937769,True,,0,
forkyard-branch,32,prefix,-1,151.52762501384132,True,,0,
forkyard-branch,32,branch_create,0,4.51600001542829,True,,0,
forkyard-branch,32,branch_create,1,2.586749993497506,True,,0,
forkyard-branch,32,branch_create,2,2.363750012591481,True,,0,
forkyard-branch,32,branch_create,3,2.4268330016639084,True,,0,
forkyard-branch,32,branch_create,4,1.926625001942739,True,,0,
forkyard-branch,32,branch_create,5,1.5811670164112002,True,,0,
forkyard-branch,32,branch_create,6,1.47929199738428,True,,0,
forkyard-branch,32,branch_create,7,1.545500010251999,True,,0,
forkyard-branch,32,branch_create,8,1.3851250114385039,True,,0,
forkyard-branch,32,branch_create,9,1.2494999973569065,True,,0,
forkyard-branch,32,branch_create,10,1.196958008222282,True,,0,
forkyard-branch,32,branch_create,11,1.1276250006631017,True,,0,
forkyard-branch,32,branch_create,12,1.0281249997206032,True,,0,
forkyard-branch,32,branch_create,13,1.065999997081235,True,,0,
forkyard-branch,32,branch_create,14,1.0686669847927988,True,,0,
forkyard-branch,32,branch_create,15,0.9445420000702143,True,,0,
forkyard-branch,32,branch_create,16,0.9400419949088246,True,,0,
forkyard-branch,32,branch_create,17,0.9122499905060977,True,,0,
forkyard-branch,32,branch_create,18,0.9374170040246099,True,,0,
forkyard-branch,32,branch_create,19,0.914291013032198,True,,0,
forkyard-branch,32,branch_create,20,0.9207920229528099,True,,0,
forkyard-branch,32,branch_create,21,0.8587079937569797,True,,0,
forkyard-branch,32,branch_create,22,0.8893749909475446,True,,0,
forkyard-branch,32,branch_create,23,0.8270840044133365,True,,0,
forkyard-branch,32,branch_create,24,0.8167079940903932,True,,0,
forkyard-branch,32,branch_create,25,0.8028330048546195,True,,0,
forkyard-branch,32,branch_create,26,0.75104198185727,True,,0,
forkyard-branch,32,branch_create,27,0.800292007625103,True,,0,
forkyard-branch,32,branch_create,28,0.8450419991277158,True,,0,
forkyard-branch,32,branch_create,29,0.85891701746732,True,,0,
forkyard-branch,32,branch_create,30,0.8037500083446503,True,,0,
forkyard-branch,32,branch_create,31,0.7257499964907765,True,,0,
forkyard-branch,32,branch_action,0,8.246916986536235,True,,0,
forkyard-branch,32,branch_action,0,32.05766700557433,True,,0,
forkyard-branch,32,branch_action,0,71.69879198772833,True,,0,
forkyard-branch,32,branch_action,0,1159.439665992977,True,,0,
forkyard-branch,32,branch_action,1,9.522209002170712,True,,0,
forkyard-branch,32,branch_action,1,28.272916009882465,True,,0,
forkyard-branch,32,branch_action,1,1307.3397500265855,True,,0,
forkyard-branch,32,branch_action,1,181.33525000303052,True,,0,
forkyard-branch,32,branch_action,2,15.24108400917612,True,,0,
forkyard-branch,32,branch_action,2,18.808916996931657,True,,0,
forkyard-branch,32,branch_action,2,966.6457920102403,True,,0,
forkyard-branch,32,branch_action,2,357.23495899583213,True,,0,
forkyard-branch,32,branch_action,3,12.250791012775153,True,,0,
forkyard-branch,32,branch_action,3,26.474041980691254,True,,0,
forkyard-branch,32,branch_action,3,1347.1490000083577,True,,0,
forkyard-branch,32,branch_action,3,45.611292007379234,True,,0,
forkyard-branch,32,branch_action,4,17.203625000547618,True,,0,
forkyard-branch,32,branch_action,4,37.37808298319578,True,,0,
forkyard-branch,32,branch_action,4,1209.718291007448,True,,0,
forkyard-branch,32,branch_action,4,51.242834015283734,True,,0,
forkyard-branch,32,branch_action,5,20.0170410098508,True,,0,
forkyard-branch,32,branch_action,5,29.4363749853801,True,,0,
forkyard-branch,32,branch_action,5,1438.8453330029733,True,,0,
forkyard-branch,32,branch_action,5,53.697625000495464,True,,0,
forkyard-branch,32,branch_action,6,7.106459001079202,True,,0,
forkyard-branch,32,branch_action,6,31.036249973112717,True,,0,
forkyard-branch,32,branch_action,6,677.9197090072557,True,,0,
forkyard-branch,32,branch_action,6,636.7837080033496,True,,0,
forkyard-branch,32,branch_action,7,10.720125021180138,True,,0,
forkyard-branch,32,branch_action,7,27.87212500697933,True,,0,
forkyard-branch,32,branch_action,7,1344.0499590069521,True,,0,
forkyard-branch,32,branch_action,7,61.765208025462925,True,,0,
forkyard-branch,32,branch_action,8,17.957500007469207,True,,0,
forkyard-branch,32,branch_action,8,33.22737501002848,True,,0,
forkyard-branch,32,branch_action,8,1206.051707995357,True,,0,
forkyard-branch,32,branch_action,8,51.193042017985135,True,,0,
forkyard-branch,32,branch_action,9,19.676208001328632,True,,0,
forkyard-branch,32,branch_action,9,23.878375010099262,True,,0,
forkyard-branch,32,branch_action,9,1439.9127500073519,True,,0,
forkyard-branch,32,branch_action,9,47.591290989657864,True,,0,
forkyard-branch,32,branch_action,10,14.605583011871204,True,,0,
forkyard-branch,32,branch_action,10,21.865000016987324,True,,0,
forkyard-branch,32,branch_action,10,1178.819749999093,True,,0,
forkyard-branch,32,branch_action,10,151.4552499866113,True,,0,
forkyard-branch,32,branch_action,11,18.93483300227672,True,,0,
forkyard-branch,32,branch_action,11,30.735542008187622,True,,0,
forkyard-branch,32,branch_action,11,1329.9426659941673,True,,0,
forkyard-branch,32,branch_action,11,62.49987499904819,True,,0,
forkyard-branch,32,branch_action,12,14.695374993607402,True,,0,
forkyard-branch,32,branch_action,12,35.83266702480614,True,,0,
forkyard-branch,32,branch_action,12,1209.0309589984827,True,,0,
forkyard-branch,32,branch_action,12,48.98329099523835,True,,0,
forkyard-branch,32,branch_action,13,22.822250000899658,True,,0,
forkyard-branch,32,branch_action,13,48.61816699849442,True,,0,
forkyard-branch,32,branch_action,13,1409.0067500073928,True,,0,
forkyard-branch,32,branch_action,13,55.8542920043692,True,,0,
forkyard-branch,32,branch_action,14,23.823875002563,True,,0,
forkyard-branch,32,branch_action,14,41.96954099461436,True,,0,
forkyard-branch,32,branch_action,14,1144.4573340122588,True,,0,
forkyard-branch,32,branch_action,14,149.99970901408233,True,,0,
forkyard-branch,32,branch_action,15,18.648875004146248,True,,0,
forkyard-branch,32,branch_action,15,26.049708016216755,True,,0,
forkyard-branch,32,branch_action,15,1329.6699159836862,True,,0,
forkyard-branch,32,branch_action,15,52.17158398590982,True,,0,
forkyard-branch,32,branch_action,16,22.441750013967976,True,,0,
forkyard-branch,32,branch_action,16,27.45237501221709,True,,0,
forkyard-branch,32,branch_action,16,1197.4454160081223,True,,0,
forkyard-branch,32,branch_action,16,39.850333996582776,True,,0,
forkyard-branch,32,branch_action,17,18.943000002764165,True,,0,
forkyard-branch,32,branch_action,17,53.77283299458213,True,,0,
forkyard-branch,32,branch_action,17,1404.3151660007425,True,,0,
forkyard-branch,32,branch_action,17,55.364917003316805,True,,0,
forkyard-branch,32,branch_action,18,15.6045829935465,True,,0,
forkyard-branch,32,branch_action,18,49.485291994642466,True,,0,
forkyard-branch,32,branch_action,18,1140.9002500004135,True,,0,
forkyard-branch,32,branch_action,18,171.79020898765884,True,,0,
forkyard-branch,32,branch_action,19,22.501500003272668,True,,0,
forkyard-branch,32,branch_action,19,52.70758300321177,True,,0,
forkyard-branch,32,branch_action,19,1295.117499976186,True,,0,
forkyard-branch,32,branch_action,19,55.758750007953495,True,,0,
forkyard-branch,32,branch_action,20,14.580334012862295,True,,0,
forkyard-branch,32,branch_action,20,25.447499996516854,True,,0,
forkyard-branch,32,branch_action,20,1210.3901249938644,True,,0,
forkyard-branch,32,branch_action,20,41.62387497490272,True,,0,
forkyard-branch,32,branch_action,21,19.155749992933124,True,,0,
forkyard-branch,32,branch_action,21,25.474833004409447,True,,0,
forkyard-branch,32,branch_action,21,1425.3004580095876,True,,0,
forkyard-branch,32,branch_action,21,46.99850000906736,True,,0,
forkyard-branch,32,branch_action,22,27.356790989870206,True,,0,
forkyard-branch,32,branch_action,22,46.61170899635181,True,,0,
forkyard-branch,32,branch_action,22,1260.7307090074755,True,,0,
forkyard-branch,32,branch_action,22,56.15666598896496,True,,0,
forkyard-branch,32,branch_action,23,21.336083009373397,True,,0,
forkyard-branch,32,branch_action,23,53.225416981149465,True,,0,
forkyard-branch,32,branch_action,23,1289.341666008113,True,,0,
forkyard-branch,32,branch_action,23,60.22387501434423,True,,0,
forkyard-branch,32,branch_action,24,26.904042024398223,True,,0,
forkyard-branch,32,branch_action,24,40.07991700200364,True,,0,
forkyard-branch,32,branch_action,24,1171.2253330042586,True,,0,
forkyard-branch,32,branch_action,24,40.18845802056603,True,,0,
forkyard-branch,32,branch_action,25,16.75629199598916,True,,0,
forkyard-branch,32,branch_action,25,37.087875010911375,True,,0,
forkyard-branch,32,branch_action,25,1409.3519579910208,True,,0,
forkyard-branch,32,branch_action,25,56.45904099219479,True,,0,
forkyard-branch,32,branch_action,26,23.78612500615418,True,,0,
forkyard-branch,32,branch_action,26,24.871041998267174,True,,0,
forkyard-branch,32,branch_action,26,1142.83616701141,True,,0,
forkyard-branch,32,branch_action,26,165.89699999894947,True,,0,
forkyard-branch,32,branch_action,27,16.259416996035725,True,,0,
forkyard-branch,32,branch_action,27,50.74183302349411,True,,0,
forkyard-branch,32,branch_action,27,1288.4567499859259,True,,0,
forkyard-branch,32,branch_action,27,46.15354200359434,True,,0,
forkyard-branch,32,branch_action,28,29.550124978413805,True,,0,
forkyard-branch,32,branch_action,28,43.048332998296246,True,,0,
forkyard-branch,32,branch_action,28,1159.2948749894276,True,,0,
forkyard-branch,32,branch_action,28,52.09858299349435,True,,0,
forkyard-branch,32,branch_action,29,20.267624990083277,True,,0,
forkyard-branch,32,branch_action,29,39.84824998769909,True,,0,
forkyard-branch,32,branch_action,29,1403.649999992922,True,,0,
forkyard-branch,32,branch_action,29,47.937958006514236,True,,0,
forkyard-branch,32,branch_action,30,29.049582983134314,True,,0,
forkyard-branch,32,branch_action,30,366.91187499673106,True,,0,
forkyard-branch,32,branch_action,30,921.9913750130218,True,,0,
forkyard-branch,32,branch_action,30,34.107500017853454,True,,0,
forkyard-branch,32,branch_action,31,18.34433400654234,True,,0,
forkyard-branch,32,branch_action,31,42.48020800878294,True,,0,
forkyard-branch,32,branch_action,31,1289.377416978823,True,,0,
forkyard-branch,32,branch_action,31,62.39049998112023,True,,0,
forkyard-branch,32,total,-1,4718.1,True,,0,
anvil-snapshot,32,prefix,-1,4.252209007972851,True,,0,
anvil-snapshot,32,prefix,-1,189.7947500110604,True,,0,
anvil-snapshot,32,prefix,-1,764.7810419730376,True,,0,
anvil-snapshot,32,prefix,-1,2108.5708329919726,True,,0,
anvil-snapshot,32,prefix,-1,511.58812499488704,True,,0,
anvil-snapshot,32,prefix,-1,146.45670898607932,True,,0,
anvil-snapshot,32,branch_action,0,2.621457999339327,True,,0,
anvil-snapshot,32,branch_action,0,4.572666977765039,True,,0,
anvil-snapshot,32,branch_action,0,268.91533299931325,True,,0,
anvil-snapshot,32,branch_action,0,269.92412499384955,True,,0,
anvil-snapshot,32,branch_create,0,6.1058750143274665,True,,0,
anvil-snapshot,32,branch_action,1,2.611167001305148,True,,0,
anvil-snapshot,32,branch_action,1,4.0889999945648015,True,,0,
anvil-snapshot,32,branch_action,1,592.0051670109387,True,,0,
anvil-snapshot,32,branch_action,1,272.9300420032814,True,,0,
anvil-snapshot,32,branch_create,1,3.0225829978007823,True,,0,
anvil-snapshot,32,branch_action,2,0.7634170178789645,True,,0,
anvil-snapshot,32,branch_action,2,1.2981659965589643,True,,0,
anvil-snapshot,32,branch_action,2,531.4747910015285,True,,0,
anvil-snapshot,32,branch_action,2,265.8145419845823,True,,0,
anvil-snapshot,32,branch_create,2,2.0065420249011368,True,,0,
anvil-snapshot,32,branch_action,3,1.5109170053619891,True,,0,
anvil-snapshot,32,branch_action,3,2.6816250174306333,True,,0,
anvil-snapshot,32,branch_action,3,513.5277080116794,True,,0,
anvil-snapshot,32,branch_action,3,264.1915419953875,True,,0,
anvil-snapshot,32,branch_create,3,4.269708006177098,True,,0,
anvil-snapshot,32,branch_action,4,2.6540420076344162,True,,0,
anvil-snapshot,32,branch_action,4,4.006499977549538,True,,0,
anvil-snapshot,32,branch_action,4,510.4722920223139,True,,0,
anvil-snapshot,32,branch_action,4,278.9740829903167,True,,0,
anvil-snapshot,32,branch_create,4,5.087791010737419,True,,0,
anvil-snapshot,32,branch_action,5,2.8315420204307884,True,,0,
anvil-snapshot,32,branch_action,5,4.117792006582022,True,,0,
anvil-snapshot,32,branch_action,5,500.0701250100974,True,,0,
anvil-snapshot,32,branch_action,5,276.03887498844415,True,,0,
anvil-snapshot,32,branch_create,5,5.3823330090381205,True,,0,
anvil-snapshot,32,branch_action,6,2.576124999905005,True,,0,
anvil-snapshot,32,branch_action,6,4.056208999827504,True,,0,
anvil-snapshot,32,branch_action,6,510.633041994879,True,,0,
anvil-snapshot,32,branch_action,6,272.0488330232911,True,,0,
anvil-snapshot,32,branch_create,6,5.270334018860012,True,,0,
anvil-snapshot,32,branch_action,7,2.4796249927021563,True,,0,
anvil-snapshot,32,branch_action,7,4.2106670152861625,True,,0,
anvil-snapshot,32,branch_action,7,516.617250017589,True,,0,
anvil-snapshot,32,branch_action,7,274.44983398891054,True,,0,
anvil-snapshot,32,branch_create,7,5.705749004846439,True,,0,
anvil-snapshot,32,branch_action,8,2.466333011398092,True,,0,
anvil-snapshot,32,branch_action,8,3.2957920047920197,True,,0,
anvil-snapshot,32,branch_action,8,567.6342499791645,True,,0,
anvil-snapshot,32,branch_action,8,290.1074580149725,True,,0,
anvil-snapshot,32,branch_create,8,5.308416031766683,True,,0,
anvil-snapshot,32,branch_action,9,2.182417025323957,True,,0,
anvil-snapshot,32,branch_action,9,3.1276249792426825,True,,0,
anvil-snapshot,32,branch_action,9,515.6506669882219,True,,0,
anvil-snapshot,32,branch_action,9,270.65091699478216,True,,0,
anvil-snapshot,32,branch_create,9,5.410249985288829,True,,0,
anvil-snapshot,32,branch_action,10,2.3988749890122563,True,,0,
anvil-snapshot,32,branch_action,10,3.9185000059660524,True,,0,
anvil-snapshot,32,branch_action,10,516.0117500054184,True,,0,
anvil-snapshot,32,branch_action,10,267.10945801460184,True,,0,
anvil-snapshot,32,branch_create,10,5.106459022499621,True,,0,
anvil-snapshot,32,branch_action,11,2.3820830101612955,True,,0,
anvil-snapshot,32,branch_action,11,4.008082993095741,True,,0,
anvil-snapshot,32,branch_action,11,511.18775000213645,True,,0,
anvil-snapshot,32,branch_action,11,271.4393330097664,True,,0,
anvil-snapshot,32,branch_create,11,5.371749954065308,True,,0,
anvil-snapshot,32,branch_action,12,2.6124159921891987,True,,0,
anvil-snapshot,32,branch_action,12,4.078124999068677,True,,0,
anvil-snapshot,32,branch_action,12,516.015041997889,True,,0,
anvil-snapshot,32,branch_action,12,272.92583300732076,True,,0,
anvil-snapshot,32,branch_create,12,4.38383300206624,True,,0,
anvil-snapshot,32,branch_action,13,1.7085409781429917,True,,0,
anvil-snapshot,32,branch_action,13,2.6169999910052866,True,,0,
anvil-snapshot,32,branch_action,13,510.6724580109585,True,,0,
anvil-snapshot,32,branch_action,13,270.45495802303776,True,,0,
anvil-snapshot,32,branch_create,13,3.4935410076286644,True,,0,
anvil-snapshot,32,branch_action,14,1.7427090206183493,True,,0,
anvil-snapshot,32,branch_action,14,2.743666002061218,True,,0,
anvil-snapshot,32,branch_action,14,590.2193330111913,True,,0,
anvil-snapshot,32,branch_action,14,281.8532920209691,True,,0,
anvil-snapshot,32,branch_create,14,3.920707997167483,True,,0,
anvil-snapshot,32,branch_action,15,2.0739999890793115,True,,0,
anvil-snapshot,32,branch_action,15,3.0753749888390303,True,,0,
anvil-snapshot,32,branch_action,15,523.5602500033565,True,,0,
anvil-snapshot,32,branch_action,15,261.919582990231,True,,0,
anvil-snapshot,32,branch_create,15,4.026667011203244,True,,0,
anvil-snapshot,32,branch_action,16,1.9193329790141433,True,,0,
anvil-snapshot,32,branch_action,16,2.9769169923383743,True,,0,
anvil-snapshot,32,branch_action,16,509.43249999545515,True,,0,
anvil-snapshot,32,branch_action,16,280.4875419824384,True,,0,
anvil-snapshot,32,branch_create,16,4.478790971916169,True,,0,
anvil-snapshot,32,branch_action,17,2.2390000231098384,True,,0,
anvil-snapshot,32,branch_action,17,4.188749997410923,True,,0,
anvil-snapshot,32,branch_action,17,590.4073340061586,True,,0,
anvil-snapshot,32,branch_action,17,285.0306250038557,True,,0,
anvil-snapshot,32,branch_create,17,5.230791983194649,True,,0,
anvil-snapshot,32,branch_action,18,2.5762089935597032,True,,0,
anvil-snapshot,32,branch_action,18,4.6725420106668025,True,,0,
anvil-snapshot,32,branch_action,18,509.00424999417737,True,,0,
anvil-snapshot,32,branch_action,18,272.30666601099074,True,,0,
anvil-snapshot,32,branch_create,18,5.053417000453919,True,,0,
anvil-snapshot,32,branch_action,19,2.133292000507936,True,,0,
anvil-snapshot,32,branch_action,19,2.9832079890184104,True,,0,
anvil-snapshot,32,branch_action,19,513.923042017268,True,,0,
anvil-snapshot,32,branch_action,19,265.8148749906104,True,,0,
anvil-snapshot,32,branch_create,19,4.513167019467801,True,,0,
anvil-snapshot,32,branch_action,20,2.3567920143250376,True,,0,
anvil-snapshot,32,branch_action,20,3.5341670154593885,True,,0,
anvil-snapshot,32,branch_action,20,505.62179199187085,True,,0,
anvil-snapshot,32,branch_action,20,258.23158299317583,True,,0,
anvil-snapshot,32,branch_create,20,5.437790969153866,True,,0,
anvil-snapshot,32,branch_action,21,2.6042919780593365,True,,0,
anvil-snapshot,32,branch_action,21,3.205582994269207,True,,0,
anvil-snapshot,32,branch_action,21,516.0608339938335,True,,0,
anvil-snapshot,32,branch_action,21,276.9188339880202,True,,0,
anvil-snapshot,32,branch_create,21,5.229208967648447,True,,0,
anvil-snapshot,32,branch_action,22,2.670207992196083,True,,0,
anvil-snapshot,32,branch_action,22,4.12587498431094,True,,0,
anvil-snapshot,32,branch_action,22,512.729957990814,True,,0,
anvil-snapshot,32,branch_action,22,280.86370800156146,True,,0,
anvil-snapshot,32,branch_create,22,4.553124977974221,True,,0,
anvil-snapshot,32,branch_action,23,1.9015000143554062,True,,0,
anvil-snapshot,32,branch_action,23,2.8727090102620423,True,,0,
anvil-snapshot,32,branch_action,23,506.7679159983527,True,,0,
anvil-snapshot,32,branch_action,23,269.4973749748897,True,,0,
anvil-snapshot,32,branch_create,23,4.4748749933205545,True,,0,
anvil-snapshot,32,branch_action,24,2.0995000086259097,True,,0,
anvil-snapshot,32,branch_action,24,2.785958000458777,True,,0,
anvil-snapshot,32,branch_action,24,517.1952500240877,True,,0,
anvil-snapshot,32,branch_action,24,265.31733298907056,True,,0,
anvil-snapshot,32,branch_create,24,3.8846669776830822,True,,0,
anvil-snapshot,32,branch_action,25,1.71462501748465,True,,0,
anvil-snapshot,32,branch_action,25,2.5428330118302256,True,,0,
anvil-snapshot,32,branch_action,25,595.3950409893878,True,,0,
anvil-snapshot,32,branch_action,25,276.2818749761209,True,,0,
anvil-snapshot,32,branch_create,25,2.1376669756136835,True,,0,
anvil-snapshot,32,branch_action,26,0.7415000000037253,True,,0,
anvil-snapshot,32,branch_action,26,1.2169579858891666,True,,0,
anvil-snapshot,32,branch_action,26,517.9718750005122,True,,0,
anvil-snapshot,32,branch_action,26,268.59945798059925,True,,0,
anvil-snapshot,32,branch_create,26,3.2227080082520843,True,,0,
anvil-snapshot,32,branch_action,27,2.429042011499405,True,,0,
anvil-snapshot,32,branch_action,27,4.515625012572855,True,,0,
anvil-snapshot,32,branch_action,27,512.5224580115173,True,,0,
anvil-snapshot,32,branch_action,27,269.79654098977335,True,,0,
anvil-snapshot,32,branch_create,27,5.527541972696781,True,,0,
anvil-snapshot,32,branch_action,28,2.7306659903842956,True,,0,
anvil-snapshot,32,branch_action,28,4.398541001137346,True,,0,
anvil-snapshot,32,branch_action,28,496.68020801618695,True,,0,
anvil-snapshot,32,branch_action,28,270.8521670137998,True,,0,
anvil-snapshot,32,branch_create,28,4.665792017476633,True,,0,
anvil-snapshot,32,branch_action,29,2.162375021725893,True,,0,
anvil-snapshot,32,branch_action,29,4.03391697909683,True,,0,
anvil-snapshot,32,branch_action,29,514.6357909834478,True,,0,
anvil-snapshot,32,branch_action,29,271.00116599467583,True,,0,
anvil-snapshot,32,branch_create,29,2.941624989034608,True,,0,
anvil-snapshot,32,branch_action,30,0.9047499916050583,True,,0,
anvil-snapshot,32,branch_action,30,1.7093749775085598,True,,0,
anvil-snapshot,32,branch_action,30,501.56183302169666,True,,0,
anvil-snapshot,32,branch_action,30,267.47991700540297,True,,0,
anvil-snapshot,32,branch_create,30,3.4131249703932554,True,,0,
anvil-snapshot,32,branch_action,31,2.587791997939348,True,,0,
anvil-snapshot,32,branch_action,31,4.262916016159579,True,,0,
anvil-snapshot,32,branch_action,31,509.56495897844434,True,,0,
anvil-snapshot,32,branch_action,31,267.6310829992872,True,,0,
anvil-snapshot,32,branch_create,31,4.516333021456376,True,,0,
anvil-snapshot,32,total,-1,30274.9,True,,0,
anvil-processes,32,prefix,0,1.3159590016584843,True,,0,
anvil-processes,32,prefix,0,1352.363542013336,True,,0,
anvil-processes,32,prefix,0,921.4954589842819,True,,0,
anvil-processes,32,prefix,0,2215.58891699533,True,,0,
anvil-processes,32,prefix,0,536.5433339902665,True,,0,
anvil-processes,32,prefix,0,146.45020899479277,True,,0,
anvil-processes,32,branch_create,0,6182.7903340163175,True,,0,
anvil-processes,32,branch_action,0,4.126583022298291,True,,0,
anvil-processes,32,branch_action,0,5.957832996500656,True,,0,
anvil-processes,32,branch_action,0,255.57275000028312,True,,0,
anvil-processes,32,branch_action,0,351.7552920093294,True,,0,
anvil-processes,32,prefix,1,14.968292001867667,True,,0,
anvil-processes,32,prefix,1,144.07770900288597,True,,0,
anvil-processes,32,prefix,1,788.8499579858035,True,,0,
anvil-processes,32,prefix,1,2393.1192079908215,True,,0,
anvil-processes,32,prefix,1,603.4985829901416,True,,0,
anvil-processes,32,prefix,1,198.5237920016516,True,,0,
anvil-processes,32,branch_create,1,6582.990750001045,True,,0,
anvil-processes,32,branch_action,1,8.783208002569154,True,,0,
anvil-processes,32,branch_action,1,20.95070798532106,True,,0,
anvil-processes,32,branch_action,1,616.4880419964902,True,,0,
anvil-processes,32,branch_action,1,308.3186670264695,True,,0,
anvil-processes,32,prefix,2,3.4285000001545995,True,,0,
anvil-processes,32,prefix,2,390.3521249885671,True,,0,
anvil-processes,32,prefix,2,821.934790990781,True,,0,
anvil-processes,32,prefix,2,2122.6812080130912,True,,0,
anvil-processes,32,prefix,2,543.7329580017831,True,,0,
anvil-processes,32,prefix,2,143.7402080046013,True,,0,
anvil-processes,32,branch_create,2,6174.021333019482,True,,0,
anvil-processes,32,branch_action,2,1.2163330102339387,True,,0,
anvil-processes,32,branch_action,2,8.544584008632228,True,,0,
anvil-processes,32,branch_action,2,506.2446670199279,True,,0,
anvil-processes,32,branch_action,2,267.75674999225885,True,,0,
anvil-processes,32,prefix,3,13.718667003558949,True,,0,
anvil-processes,32,prefix,3,161.69737500604242,True,,0,
anvil-processes,32,prefix,3,825.657916982891,True,,0,
anvil-processes,32,prefix,3,2403.8076249998994,True,,0,
anvil-processes,32,prefix,3,623.1040410057176,True,,0,
anvil-processes,32,prefix,3,202.90854197810404,True,,0,
anvil-processes,32,branch_create,3,6596.2409999920055,True,,0,
anvil-processes,32,branch_action,3,10.474500013515353,True,,0,
anvil-processes,32,branch_action,3,20.660541020333767,True,,0,
anvil-processes,32,branch_action,3,576.5777910128236,True,,0,
anvil-processes,32,branch_action,3,316.03279200498946,True,,0,
anvil-processes,32,prefix,4,3.066959005082026,True,,0,
anvil-processes,32,prefix,4,161.27033397788182,True,,0,
anvil-processes,32,prefix,4,873.6473750032019,True,,0,
anvil-processes,32,prefix,4,2357.408709009178,True,,0,
anvil-processes,32,prefix,4,503.61366698052734,True,,0,
anvil-processes,32,prefix,4,188.44058399554342,True,,0,
anvil-processes,32,branch_create,4,6568.894916999852,True,,0,
anvil-processes,32,branch_action,4,10.172666021389887,True,,0,
anvil-processes,32,branch_action,4,17.6605420128908,True,,0,
anvil-processes,32,branch_action,4,765.7720409915783,True,,0,
anvil-processes,32,branch_action,4,341.4592919871211,True,,0,
anvil-processes,32,prefix,5,16.8997919827234,True,,0,
anvil-processes,32,prefix,5,152.38387501449324,True,,0,
anvil-processes,32,prefix,5,864.7372089908458,True,,0,
anvil-processes,32,prefix,5,2388.1953750096727,True,,0,
anvil-processes,32,prefix,5,600.2489580132533,True,,0,
anvil-processes,32,prefix,5,192.92112500988878,True,,0,
anvil-processes,32,branch_create,5,6563.050541008124,True,,0,
anvil-processes,32,branch_action,5,9.920917014824226,True,,0,
anvil-processes,32,branch_action,5,20.088208984816447,True,,0,
anvil-processes,32,branch_action,5,633.3862920000684,True,,0,
anvil-processes,32,branch_action,5,330.48162498744205,True,,0,
anvil-processes,32,prefix,6,3.470124996965751,True,,0,
anvil-processes,32,prefix,6,208.74850000836886,True,,0,
anvil-processes,32,prefix,6,869.1661249904428,True,,0,
anvil-processes,32,prefix,6,2132.9852910130285,True,,0,
anvil-processes,32,prefix,6,515.6902080052532,True,,0,
anvil-processes,32,prefix,6,190.0256249937229,True,,0,
anvil-processes,32,branch_create,6,6050.993957993342,True,,0,
anvil-processes,32,branch_action,6,0.9351249900646508,True,,0,
anvil-processes,32,branch_action,6,1.4970409974921495,True,,0,
anvil-processes,32,branch_action,6,498.28908301424235,True,,0,
anvil-processes,32,branch_action,6,280.9704589890316,True,,0,
anvil-processes,32,prefix,7,1.8880420248024166,True,,0,
anvil-processes,32,prefix,7,1354.1184579953551,True,,0,
anvil-processes,32,prefix,7,879.8917919921223,True,,0,
anvil-processes,32,prefix,7,2549.7156659839675,True,,0,
anvil-processes,32,prefix,7,611.9527499831747,True,,0,
anvil-processes,32,prefix,7,196.32925000041723,True,,0,
anvil-processes,32,branch_create,7,6575.001374993008,True,,0,
anvil-processes,32,branch_action,7,8.906542003387585,True,,0,
anvil-processes,32,branch_action,7,11.880500009283423,True,,0,
anvil-processes,32,branch_action,7,622.9633750044741,True,,0,
anvil-processes,32,branch_action,7,339.5930000115186,True,,0,
anvil-processes,32,prefix,8,0.9304579871241003,True,,0,
anvil-processes,32,prefix,8,1501.1178749846295,True,,0,
anvil-processes,32,prefix,8,771.6298750019632,True,,0,
anvil-processes,32,prefix,8,2490.2722499973606,True,,0,
anvil-processes,32,prefix,8,783.241541008465,True,,0,
anvil-processes,32,prefix,8,149.06870797858573,True,,0,
anvil-processes,32,branch_create,8,6689.775083999848,True,,0,
anvil-processes,32,branch_action,8,6.478791008703411,True,,0,
anvil-processes,32,branch_action,8,6.3002499809954315,True,,0,
anvil-processes,32,branch_action,8,513.643290993059,True,,0,
anvil-processes,32,branch_action,8,337.8483749984298,True,,0,
anvil-processes,32,prefix,9,1.0002919880207628,True,,0,
anvil-processes,32,prefix,9,1534.750457998598,True,,0,
anvil-processes,32,prefix,9,963.1343330256641,True,,0,
anvil-processes,32,prefix,9,2253.2122080156114,True,,0,
anvil-processes,32,prefix,9,622.6950839918572,True,,0,
anvil-processes,32,prefix,9,192.0296669995878,True,,0,
anvil-processes,32,branch_create,9,6564.966125006322,True,,0,
anvil-processes,32,branch_action,9,12.9208329890389,True,,0,
anvil-processes,32,branch_action,9,27.950124989729375,True,,0,
anvil-processes,32,branch_action,9,587.4637500091922,True,,0,
anvil-processes,32,branch_action,9,325.43791699572466,True,,0,
anvil-processes,32,prefix,10,2.2609999869018793,True,,0,
anvil-processes,32,prefix,10,399.84770797309466,True,,0,
anvil-processes,32,prefix,10,815.5962080054451,True,,0,
anvil-processes,32,prefix,10,2369.8002499877475,True,,0,
anvil-processes,32,prefix,10,631.2128330173437,True,,0,
anvil-processes,32,prefix,10,198.1763750081882,True,,0,
anvil-processes,32,branch_create,10,6536.263167014113,True,,0,
anvil-processes,32,branch_action,10,3.3227080130018294,True,,0,
anvil-processes,32,branch_action,10,14.786292013013735,True,,0,
anvil-processes,32,branch_action,10,789.1269590181764,True,,0,
anvil-processes,32,branch_action,10,333.06083400384523,True,,0,
anvil-processes,32,prefix,11,1.8400840053800493,True,,0,
anvil-processes,32,prefix,11,1306.6203329944983,True,,0,
anvil-processes,32,prefix,11,892.2336249961518,True,,0,
anvil-processes,32,prefix,11,2498.47900000168,True,,0,
anvil-processes,32,prefix,11,617.0320830133278,True,,0,
anvil-processes,32,prefix,11,426.22954200487584,True,,0,
anvil-processes,32,branch_create,11,6764.376083010575,True,,0,
anvil-processes,32,branch_action,11,0.7690000056754798,True,,0,
anvil-processes,32,branch_action,11,1.4553340151906013,True,,0,
anvil-processes,32,branch_action,11,521.1886659963056,True,,0,
anvil-processes,32,branch_action,11,250.4534580220934,True,,0,
anvil-processes,32,prefix,12,1.5456659893970937,True,,0,
anvil-processes,32,prefix,12,408.19583399570547,True,,0,
anvil-processes,32,prefix,12,792.642500018701,True,,0,
anvil-processes,32,prefix,12,2418.126457981998,True,,0,
anvil-processes,32,prefix,12,607.0651249901857,True,,0,
anvil-processes,32,prefix,12,203.73983299941756,True,,0,
anvil-processes,32,branch_create,12,6554.36887498945,True,,0,
anvil-processes,32,branch_action,12,19.11045899032615,True,,0,
anvil-processes,32,branch_action,12,20.111291989451274,True,,0,
anvil-processes,32,branch_action,12,592.225625005085,True,,0,
anvil-processes,32,branch_action,12,297.65454202424735,True,,0,
anvil-processes,32,prefix,13,1.2269160069990903,True,,0,
anvil-processes,32,prefix,13,1341.7994579940569,True,,0,
anvil-processes,32,prefix,13,877.6592500216793,True,,0,
anvil-processes,32,prefix,13,2499.4224999973085,True,,0,
anvil-processes,32,prefix,13,619.3888339912519,True,,0,
anvil-processes,32,prefix,13,187.67391599249095,True,,0,
anvil-processes,32,branch_create,13,6535.451625008136,True,,0,
anvil-processes,32,branch_action,13,5.850749992532656,True,,0,
anvil-processes,32,branch_action,13,13.996167021105066,True,,0,
anvil-processes,32,branch_action,13,625.1667500182521,True,,0,
anvil-processes,32,branch_action,13,288.8795839971863,True,,0,
anvil-processes,32,prefix,14,16.3840830209665,True,,0,
anvil-processes,32,prefix,14,210.1634590071626,True,,0,
anvil-processes,32,prefix,14,847.8870829858351,True,,0,
anvil-processes,32,prefix,14,2510.7723329856526,True,,0,
anvil-processes,32,prefix,14,531.3073330034968,True,,0,
anvil-processes,32,prefix,14,143.92187498742715,True,,0,
anvil-processes,32,branch_create,14,6883.100125007331,True,,0,
anvil-processes,32,branch_action,14,1.287792023504153,True,,0,
anvil-processes,32,branch_action,14,1.9997079798486084,True,,0,
anvil-processes,32,branch_action,14,496.3074159750249,True,,0,
anvil-processes,32,branch_action,14,299.06629101606086,True,,0,
anvil-processes,32,prefix,15,1.7480420065112412,True,,0,
anvil-processes,32,prefix,15,201.3861250015907,True,,0,
anvil-processes,32,prefix,15,879.9845829780679,True,,0,
anvil-processes,32,prefix,15,2230.504916020436,True,,0,
anvil-processes,32,prefix,15,625.7133749895729,True,,0,
anvil-processes,32,prefix,15,144.11675001611002,True,,0,
anvil-processes,32,branch_create,15,6216.115375020308,True,,0,
anvil-processes,32,branch_action,15,1.4697909937240183,True,,0,
anvil-processes,32,branch_action,15,1.6554169997107238,True,,0,
anvil-processes,32,branch_action,15,513.2712080085184,True,,0,
anvil-processes,32,branch_action,15,254.36195899965242,True,,0,
anvil-processes,32,prefix,16,1.4374160091392696,True,,0,
anvil-processes,32,prefix,16,204.43912502378225,True,,0,
anvil-processes,32,prefix,16,866.7902500019409,True,,0,
anvil-processes,32,prefix,16,2515.41358299437,True,,0,
anvil-processes,32,prefix,16,594.3399999814574,True,,0,
anvil-processes,32,prefix,16,193.74037501984276,True,,0,
anvil-processes,32,branch_create,16,6503.211500006728,True,,0,
anvil-processes,32,branch_action,16,2.814957988448441,True,,0,
anvil-processes,32,branch_action,16,13.811167009407654,True,,0,
anvil-processes,32,branch_action,16,608.868583018193,True,,0,
anvil-processes,32,branch_action,16,265.41320799151435,True,,0,
anvil-processes,32,prefix,17,1.3969169813208282,True,,0,
anvil-processes,32,prefix,17,147.26941598928533,True,,0,
anvil-processes,32,prefix,17,899.9646670126822,True,,0,
anvil-processes,32,prefix,17,2484.639165981207,True,,0,
anvil-processes,32,prefix,17,666.7733330104966,True,,0,
anvil-processes,32,prefix,17,141.21141700888984,True,,0,
anvil-processes,32,branch_create,17,6506.730875000358,True,,0,
anvil-processes,32,branch_action,17,11.673083005007356,True,,0,
anvil-processes,32,branch_action,17,15.446709003299475,True,,0,
anvil-processes,32,branch_action,17,804.8997079895344,True,,0,
anvil-processes,32,branch_action,17,302.80329199740663,True,,0,
anvil-processes,32,prefix,18,1.2811250053346157,True,,0,
anvil-processes,32,prefix,18,149.45520801120438,True,,0,
anvil-processes,32,prefix,18,881.1070419906173,True,,0,
anvil-processes,32,prefix,18,2511.7709999904037,True,,0,
anvil-processes,32,prefix,18,625.9902089950629,True,,0,
anvil-processes,32,prefix,18,143.2772499974817,True,,0,
anvil-processes,32,branch_create,18,6477.61962498771,True,,0,
anvil-processes,32,branch_action,18,1.7494170169811696,True,,0,
anvil-processes,32,branch_action,18,2.297667000675574,True,,0,
anvil-processes,32,branch_action,18,506.3687500078231,True,,0,
anvil-processes,32,branch_action,18,263.6192089994438,True,,0,
anvil-processes,32,prefix,19,3.0519999854732305,True,,0,
anvil-processes,32,prefix,19,143.8584580027964,True,,0,
anvil-processes,32,prefix,19,891.3123329984955,True,,0,
anvil-processes,32,prefix,19,2488.5459170036484,True,,0,
anvil-processes,32,prefix,19,503.63541598198935,True,,0,
anvil-processes,32,prefix,19,165.25004198774695,True,,0,
anvil-processes,32,branch_create,19,6604.580999992322,True,,0,
anvil-processes,32,branch_action,19,5.758833984145895,True,,0,
anvil-processes,32,branch_action,19,11.63891699980013,True,,0,
anvil-processes,32,branch_action,19,516.3810410012957,True,,0,
anvil-processes,32,branch_action,19,336.5757499996107,True,,0,
anvil-processes,32,prefix,20,2.8193750185891986,True,,0,
anvil-processes,32,prefix,20,161.54324999661185,True,,0,
anvil-processes,32,prefix,20,889.3152499804273,True,,0,
anvil-processes,32,prefix,20,2205.006667005364,True,,0,
anvil-processes,32,prefix,20,640.0705830019433,True,,0,
anvil-processes,32,prefix,20,188.62841700320132,True,,0,
anvil-processes,32,branch_create,20,6493.694457982201,True,,0,
anvil-processes,32,branch_action,20,10.040624998509884,True,,0,
anvil-processes,32,branch_action,20,17.42966697202064,True,,0,
anvil-processes,32,branch_action,20,780.431833001785,True,,0,
anvil-processes,32,branch_action,20,323.56104100472294,True,,0,
anvil-processes,32,prefix,21,1.1471670004539192,True,,0,
anvil-processes,32,prefix,21,204.81024999753572,True,,0,
anvil-processes,32,prefix,21,839.8373750096653,True,,0,
anvil-processes,32,prefix,21,2114.7056249901652,True,,0,
anvil-processes,32,prefix,21,522.318749979604,True,,0,
anvil-processes,32,prefix,21,196.7526660009753,True,,0,
anvil-processes,32,branch_create,21,6492.108458012808,True,,0,
anvil-processes,32,branch_action,21,9.165291994577274,True,,0,
anvil-processes,32,branch_action,21,18.079500005114824,True,,0,
anvil-processes,32,branch_action,21,630.9869590040762,True,,0,
anvil-processes,32,branch_action,21,313.8666659942828,True,,0,
anvil-processes,32,prefix,22,3.892957989592105,True,,0,
anvil-processes,32,prefix,22,158.18820800632238,True,,0,
anvil-processes,32,prefix,22,993.7665829784237,True,,0,
anvil-processes,32,prefix,22,2353.453957999591,True,,0,
anvil-processes,32,prefix,22,505.7227080105804,True,,0,
anvil-processes,32,prefix,22,182.97262498526834,True,,0,
anvil-processes,32,branch_create,22,6595.393374998821,True,,0,
anvil-processes,32,branch_action,22,5.5328749876935035,True,,0,
anvil-processes,32,branch_action,22,8.599583990871906,True,,0,
anvil-processes,32,branch_action,22,542.7590839972254,True,,0,
anvil-processes,32,branch_action,22,335.37404201342724,True,,0,
anvil-processes,32,prefix,23,3.027541999472305,True,,0,
anvil-processes,32,prefix,23,163.09729201020673,True,,0,
anvil-processes,32,prefix,23,871.5592499938793,True,,0,
anvil-processes,32,prefix,23,2480.9520830167457,True,,0,
anvil-processes,32,prefix,23,496.93525000475347,True,,0,
anvil-processes,32,prefix,23,181.20125000132248,True,,0,
anvil-processes,32,branch_create,23,6588.320582988672,True,,0,
anvil-processes,32,branch_action,23,4.450916982023045,True,,0,
anvil-processes,32,branch_action,23,11.225458001717925,True,,0,
anvil-processes,32,branch_action,23,503.84395898436196,True,,0,
anvil-processes,32,branch_action,23,318.6970830138307,True,,0,
anvil-processes,32,prefix,24,1.7911669856403023,True,,0,
anvil-processes,32,prefix,24,189.0272089804057,True,,0,
anvil-processes,32,prefix,24,775.0427499995567,True,,0,
anvil-processes,32,prefix,24,2192.135541990865,True,,0,
anvil-processes,32,prefix,24,508.3767090109177,True,,0,
anvil-processes,32,prefix,24,171.55204201117158,True,,0,
anvil-processes,32,branch_create,24,8545.599540986586,True,,0,
anvil-processes,32,branch_action,24,6.218541995622218,True,,0,
anvil-processes,32,branch_action,24,5.692999984603375,True,,0,
anvil-processes,32,branch_action,24,504.7953749890439,True,,0,
anvil-processes,32,branch_action,24,280.07429200806655,True,,0,
anvil-processes,32,prefix,25,18.451916985213757,True,,0,
anvil-processes,32,prefix,25,152.6646249985788,True,,0,
anvil-processes,32,prefix,25,852.5648750073742,True,,0,
anvil-processes,32,prefix,25,2388.1104169995524,True,,0,
anvil-processes,32,prefix,25,629.8001669929363,True,,0,
anvil-processes,32,prefix,25,203.00020798458718,True,,0,
anvil-processes,32,branch_create,25,6494.960334006464,True,,0,
anvil-processes,32,branch_action,25,6.958167010452598,True,,0,
anvil-processes,32,branch_action,25,19.460458017420024,True,,0,
anvil-processes,32,branch_action,25,611.5502920001745,True,,0,
anvil-processes,32,branch_action,25,330.48008297919296,True,,0,
anvil-processes,32,prefix,26,1.560708013130352,True,,0,
anvil-processes,32,prefix,26,146.6370830021333,True,,0,
anvil-processes,32,prefix,26,1353.2253339944873,True,,0,
anvil-processes,32,prefix,26,2103.765708015999,True,,0,
anvil-processes,32,prefix,26,519.3303750129417,True,,0,
anvil-processes,32,prefix,26,146.22037502704188,True,,0,
anvil-processes,32,branch_create,26,8789.972791011678,True,,0,
anvil-processes,32,branch_action,26,4.263375012669712,True,,0,
anvil-processes,32,branch_action,26,6.196166010340676,True,,0,
anvil-processes,32,branch_action,26,521.9097080116626,True,,0,
anvil-processes,32,branch_action,26,367.7871249965392,True,,0,
anvil-processes,32,prefix,27,0.9603750077076256,True,,0,
anvil-processes,32,prefix,27,143.7327500025276,True,,0,
anvil-processes,32,prefix,27,1029.1097089939285,True,,0,
anvil-processes,32,prefix,27,2076.956375007285,True,,0,
anvil-processes,32,prefix,27,509.8731250036508,True,,0,
anvil-processes,32,prefix,27,172.70733299665153,True,,0,
anvil-processes,32,branch_create,27,8662.253916001646,True,,0,
anvil-processes,32,branch_action,27,3.4105829836335033,True,,0,
anvil-processes,32,branch_action,27,4.449500003829598,True,,0,
anvil-processes,32,branch_action,27,500.01420799526386,True,,0,
anvil-processes,32,branch_action,27,266.5681669896003,True,,0,
anvil-processes,32,prefix,28,1.3543329841922969,True,,0,
anvil-processes,32,prefix,28,145.05733299301937,True,,0,
anvil-processes,32,prefix,28,999.001040996518,True,,0,
anvil-processes,32,prefix,28,2416.0525829938706,True,,0,
anvil-processes,32,prefix,28,523.3074999996461,True,,0,
anvil-processes,32,prefix,28,139.4465829944238,True,,0,
anvil-processes,32,branch_create,28,8777.953292010352,True,,0,
anvil-processes,32,branch_action,28,6.194042012793943,True,,0,
anvil-processes,32,branch_action,28,6.812750012613833,True,,0,
anvil-processes,32,branch_action,28,530.3467089834157,True,,0,
anvil-processes,32,branch_action,28,363.0507499910891,True,,0,
anvil-processes,32,prefix,29,3.275875002145767,True,,0,
anvil-processes,32,prefix,29,156.11654202803038,True,,0,
anvil-processes,32,prefix,29,1109.7334169899113,True,,0,
anvil-processes,32,prefix,29,2116.2389169912785,True,,0,
anvil-processes,32,prefix,29,517.0003749954049,True,,0,
anvil-processes,32,prefix,29,203.26929198927246,True,,0,
anvil-processes,32,branch_create,29,6472.48270799173,True,,0,
anvil-processes,32,branch_action,29,11.918375006644055,True,,0,
anvil-processes,32,branch_action,29,22.077959001762792,True,,0,
anvil-processes,32,branch_action,29,603.190916008316,True,,0,
anvil-processes,32,branch_action,29,341.6606669779867,True,,0,
anvil-processes,32,prefix,30,3.105957992374897,True,,0,
anvil-processes,32,prefix,30,160.431291005807,True,,0,
anvil-processes,32,prefix,30,1009.34162500198,True,,0,
anvil-processes,32,prefix,30,2313.4177080064546,True,,0,
anvil-processes,32,prefix,30,531.9934579893015,True,,0,
anvil-processes,32,prefix,30,179.07700000796467,True,,0,
anvil-processes,32,branch_create,30,6558.050666004419,True,,0,
anvil-processes,32,branch_action,30,3.8160409894771874,True,,0,
anvil-processes,32,branch_action,30,14.401166001334786,True,,0,
anvil-processes,32,branch_action,30,534.8397920024581,True,,0,
anvil-processes,32,branch_action,30,335.38400000543334,True,,0,
anvil-processes,32,prefix,31,16.384332993766293,True,,0,
anvil-processes,32,prefix,31,151.1594170005992,True,,0,
anvil-processes,32,prefix,31,842.1300000045449,True,,0,
anvil-processes,32,prefix,31,2126.8277500057593,True,,0,
anvil-processes,32,prefix,31,534.8293749848381,True,,0,
anvil-processes,32,prefix,31,139.76012499188073,True,,0,
anvil-processes,32,branch_create,31,6038.344625005266,True,,0,
anvil-processes,32,branch_action,31,1.0169170273002237,True,,0,
anvil-processes,32,branch_action,31,1.6878339811228216,True,,0,
anvil-processes,32,branch_action,31,506.6718750167638,True,,0,
anvil-processes,32,branch_action,31,271.96658300817944,True,,0,
anvil-processes,32,total,-1,9814.2,True,,0,
